".record.id","feature","abundance.diff"
"MG1","Bacteroides.Otu0001",0.00272534972505884
"MG10","Bacteroides.Otu0001",0.496595775809025
"MG13","Bacteroides.Otu0001",0.15064668961402
"MG14","Bacteroides.Otu0001",-0.00609246486964923
"MG16","Bacteroides.Otu0001",0.0102435257984434
"MG17","Bacteroides.Otu0001",0.0425839977882009
"MG19","Bacteroides.Otu0001",0.0441609669928543
"MG2","Bacteroides.Otu0001",-0.0029015503327874
"MG21","Bacteroides.Otu0001",0.0617735457580002
"MG22","Bacteroides.Otu0001",-0.104897657559171
"MG23","Bacteroides.Otu0001",0.00950635934016047
"MG25","Bacteroides.Otu0001",0.164891328146821
"MG3","Bacteroides.Otu0001",0.206630185173569
"MG4","Bacteroides.Otu0001",0.120921631634201
"MG6","Bacteroides.Otu0001",-0.0399156639516599
"MG8","Bacteroides.Otu0001",-0.0401994528783948
"MG1","Bacteroides.Otu2520",0.161827417110308
"MG10","Bacteroides.Otu2520",-0.117341558645529
"MG13","Bacteroides.Otu2520",0.00862005957952217
"MG14","Bacteroides.Otu2520",-0.0746502531351998
"MG16","Bacteroides.Otu2520",-0.0270384991890517
"MG17","Bacteroides.Otu2520",-0.00574307408226128
"MG19","Bacteroides.Otu2520",-0.239445885282908
"MG2","Bacteroides.Otu2520",-0.00376642140659563
"MG21","Bacteroides.Otu2520",-0.0165933091685391
"MG22","Bacteroides.Otu2520",0.0760438672489961
"MG23","Bacteroides.Otu2520",0
"MG25","Bacteroides.Otu2520",0.0443569235009499
"MG3","Bacteroides.Otu2520",0.138948931967061
"MG4","Bacteroides.Otu2520",-0.0176663683187071
"MG6","Bacteroides.Otu2520",-0.0119063308079272
"MG8","Bacteroides.Otu2520",0.0780224589104466
"MG1","Prevotella.Otu1987",-0.135746182598609
"MG10","Prevotella.Otu1987",0
"MG13","Prevotella.Otu1987",-0.219449489391296
"MG14","Prevotella.Otu1987",0
"MG16","Prevotella.Otu1987",0
"MG17","Prevotella.Otu1987",-0.198904805950069
"MG19","Prevotella.Otu1987",0
"MG2","Prevotella.Otu1987",-0.0757143299045404
"MG21","Prevotella.Otu1987",0.099621585699338
"MG22","Prevotella.Otu1987",0
"MG23","Prevotella.Otu1987",0
"MG25","Prevotella.Otu1987",-0.247796594066182
"MG3","Prevotella.Otu1987",0
"MG4","Prevotella.Otu1987",0
"MG6","Prevotella.Otu1987",0
"MG8","Prevotella.Otu1987",-7.32600731945417e-05
"MG1","Bacteroides.Otu2654",0.400909368272997
"MG10","Bacteroides.Otu2654",0.07560206352126
"MG13","Bacteroides.Otu2654",0.0342918279507038
"MG14","Bacteroides.Otu2654",0.00161437770722577
"MG16","Bacteroides.Otu2654",-0.00471432753793161
"MG17","Bacteroides.Otu2654",-8.51571147740252e-05
"MG19","Bacteroides.Otu2654",-0.00161160284790144
"MG2","Bacteroides.Otu2654",-0.000829015449082341
"MG21","Bacteroides.Otu2654",-0.00748732255896898
"MG22","Bacteroides.Otu2654",-0.00732674155307876
"MG23","Bacteroides.Otu2654",0.000741564633553569
"MG25","Bacteroides.Otu2654",0.0048177749361475
"MG3","Bacteroides.Otu2654",0.0336968280377605
"MG4","Bacteroides.Otu2654",0.0659472942219308
"MG6","Bacteroides.Otu2654",-0.000213128728139249
"MG8","Bacteroides.Otu2654",0.048846460415525
"MG1","Bacteroides.Otu0863",0.00244718448163892
"MG10","Bacteroides.Otu0863",0.0260120154713282
"MG13","Bacteroides.Otu0863",0.027556762320392
"MG14","Bacteroides.Otu0863",0.131601887645486
"MG16","Bacteroides.Otu0863",0.0790030425860957
"MG17","Bacteroides.Otu0863",-0.00826014621109293
"MG19","Bacteroides.Otu0863",-0.00940088221198718
"MG2","Bacteroides.Otu0863",0.010079678183568
"MG21","Bacteroides.Otu0863",-0.0108988545875146
"MG22","Bacteroides.Otu0863",0.00943119171547574
"MG23","Bacteroides.Otu0863",0.0159429656818346
"MG25","Bacteroides.Otu0863",0.0224039380775978
"MG3","Bacteroides.Otu0863",-0.00655240866998663
"MG4","Bacteroides.Otu0863",-0.00619578572794052
"MG6","Bacteroides.Otu0863",0.157654851083755
"MG8","Bacteroides.Otu0863",-0.00339257930288613
"MG1","Bacteroides.Otu2038",0.000381782529599231
"MG10","Bacteroides.Otu2038",0.00160578012082724
"MG13","Bacteroides.Otu2038",0.0155125173429301
"MG14","Bacteroides.Otu2038",0.125432133006885
"MG16","Bacteroides.Otu2038",-0.0021141975094362
"MG17","Bacteroides.Otu2038",0.00505898975143085
"MG19","Bacteroides.Otu2038",0.00198810140104799
"MG2","Bacteroides.Otu2038",0.000378644443810955
"MG21","Bacteroides.Otu2038",0.0198562722768768
"MG22","Bacteroides.Otu2038",-0.00756713847538389
"MG23","Bacteroides.Otu2038",0.144349420072816
"MG25","Bacteroides.Otu2038",0.0170780413382309
"MG3","Bacteroides.Otu2038",0.0186570415912008
"MG4","Bacteroides.Otu2038",0.0023517438241652
"MG6","Bacteroides.Otu2038",-0.00168485712740975
"MG8","Bacteroides.Otu2038",-0.0228013959539399
"MG1","Faecalibacterium.Otu0067",-0.0653677212137676
"MG10","Faecalibacterium.Otu0067",0.00419770815105237
"MG13","Faecalibacterium.Otu0067",-0.001559518939545
"MG14","Faecalibacterium.Otu0067",-0.0143023845230617
"MG16","Faecalibacterium.Otu0067",-0.0201846847608924
"MG17","Faecalibacterium.Otu0067",0.0479046232392292
"MG19","Faecalibacterium.Otu0067",0.00567363461801487
"MG2","Faecalibacterium.Otu0067",-0.0306960671152701
"MG21","Faecalibacterium.Otu0067",0.0211772002550641
"MG22","Faecalibacterium.Otu0067",-0.0052121727401548
"MG23","Faecalibacterium.Otu0067",0.0220811134173638
"MG25","Faecalibacterium.Otu0067",0.012471251531449
"MG3","Faecalibacterium.Otu0067",-0.016143542471017
"MG4","Faecalibacterium.Otu0067",-0.0015986353361802
"MG6","Faecalibacterium.Otu0067",-0.0146649126288202
"MG8","Faecalibacterium.Otu0067",-0.0206169242683339
"MG1","Alistipes.Otu2508",-0.009159639401533
"MG10","Alistipes.Otu2508",-0.0443137517819531
"MG13","Alistipes.Otu2508",0.0382076073225479
"MG14","Alistipes.Otu2508",-0.027005128559217
"MG16","Alistipes.Otu2508",0.00101048457387415
"MG17","Alistipes.Otu2508",-0.00613127385606313
"MG19","Alistipes.Otu2508",0.000451341754723029
"MG2","Alistipes.Otu2508",-0.0234175487683796
"MG21","Alistipes.Otu2508",-0.0985551614034888
"MG22","Alistipes.Otu2508",-0.00561179989477007
"MG23","Alistipes.Otu2508",0
"MG25","Alistipes.Otu2508",0.0066348894933452
"MG3","Alistipes.Otu2508",0.0308909791507004
"MG4","Alistipes.Otu2508",0
"MG6","Alistipes.Otu2508",0.123142903923018
"MG8","Alistipes.Otu2508",0
"MG1","Ruminococcus.Otu1859",-0.000176149373758775
"MG10","Ruminococcus.Otu1859",0
"MG13","Ruminococcus.Otu1859",-0.00141018814533635
"MG14","Ruminococcus.Otu1859",-0.136867539055116
"MG16","Ruminococcus.Otu1859",-0.0164050397421749
"MG17","Ruminococcus.Otu1859",0
"MG19","Ruminococcus.Otu1859",-0.181702337935055
"MG2","Ruminococcus.Otu1859",-0.0592399561407342
"MG21","Ruminococcus.Otu1859",-0.016063566183693
"MG22","Ruminococcus.Otu1859",-0.0035701459324509
"MG23","Ruminococcus.Otu1859",0
"MG25","Ruminococcus.Otu1859",-0.0027138561128364
"MG3","Ruminococcus.Otu1859",-0.00918788037775821
"MG4","Ruminococcus.Otu1859",0
"MG6","Ruminococcus.Otu1859",-0.00660694255486302
"MG8","Ruminococcus.Otu1859",-0.0160571596610508
"MG1","Bacteroides.Otu2065",-0.00387527654305903
"MG10","Bacteroides.Otu2065",-0.0343192458524458
"MG13","Bacteroides.Otu2065",0
"MG14","Bacteroides.Otu2065",0
"MG16","Bacteroides.Otu2065",-0.0399067420944054
"MG17","Bacteroides.Otu2065",0
"MG19","Bacteroides.Otu2065",0.3769020526905
"MG2","Bacteroides.Otu2065",0
"MG21","Bacteroides.Otu2065",-0.0255279214646385
"MG22","Bacteroides.Otu2065",0
"MG23","Bacteroides.Otu2065",0
"MG25","Bacteroides.Otu2065",0
"MG3","Bacteroides.Otu2065",-1.31616041885545e-05
"MG4","Bacteroides.Otu2065",0
"MG6","Bacteroides.Otu2065",0
"MG8","Bacteroides.Otu2065",0.0716660370600972
"MG1","Bacteroides.Otu0848",0.00874082230299437
"MG10","Bacteroides.Otu0848",0.0446501511052435
"MG13","Bacteroides.Otu0848",0.00528134496197106
"MG14","Bacteroides.Otu0848",0.0046848931353199
"MG16","Bacteroides.Otu0848",-0.0118649811232303
"MG17","Bacteroides.Otu0848",-0.00127735637579005
"MG19","Bacteroides.Otu0848",-0.0013430025508874
"MG2","Bacteroides.Otu0848",0.000171390559284328
"MG21","Bacteroides.Otu0848",-0.0157506739420678
"MG22","Bacteroides.Otu0848",0.00397864258204064
"MG23","Bacteroides.Otu0848",0.12904458945525
"MG25","Bacteroides.Otu0848",0.0167293169270357
"MG3","Bacteroides.Otu0848",0.00953309435501467
"MG4","Bacteroides.Otu0848",-0.0040678321349702
"MG6","Bacteroides.Otu0848",0.00423963792883094
"MG8","Bacteroides.Otu0848",0.0267908126447507
"MG1","Prevotella.Otu1994",0
"MG10","Prevotella.Otu1994",0
"MG13","Prevotella.Otu1994",-0.138286140881237
"MG14","Prevotella.Otu1994",0
"MG16","Prevotella.Otu1994",0
"MG17","Prevotella.Otu1994",-0.0320987199905833
"MG19","Prevotella.Otu1994",0
"MG2","Prevotella.Otu1994",-0.216947034954481
"MG21","Prevotella.Otu1994",0.0130068163251979
"MG22","Prevotella.Otu1994",0
"MG23","Prevotella.Otu1994",0
"MG25","Prevotella.Otu1994",-0.0223997938215057
"MG3","Prevotella.Otu1994",0
"MG4","Prevotella.Otu1994",0
"MG6","Prevotella.Otu1994",0
"MG8","Prevotella.Otu1994",0
"MG1","Bacteroides.Otu2431",0.00427746510373259
"MG10","Bacteroides.Otu2431",-0.0474929418770448
"MG13","Bacteroides.Otu2431",0.00412795525285126
"MG14","Bacteroides.Otu2431",-6.14435296276243e-05
"MG16","Bacteroides.Otu2431",-7.1730757904901e-05
"MG17","Bacteroides.Otu2431",-0.00136251341645976
"MG19","Bacteroides.Otu2431",0.0188087159341877
"MG2","Bacteroides.Otu2431",-0.000829015449082341
"MG21","Bacteroides.Otu2431",0.00317827417257044
"MG22","Bacteroides.Otu2431",0.00558139158058248
"MG23","Bacteroides.Otu2431",0.030770079376059
"MG25","Bacteroides.Otu2431",0.00300015364652092
"MG3","Bacteroides.Otu2431",-0.0246987187271176
"MG4","Bacteroides.Otu2431",-0.0544893251781963
"MG6","Bacteroides.Otu2431",-0.0168971605983948
"MG8","Bacteroides.Otu2431",-0.0123885618201671
"MG1","Alistipes.Otu1466",0
"MG10","Alistipes.Otu1466",0
"MG13","Alistipes.Otu1466",0.0353838622825269
"MG14","Alistipes.Otu1466",-0.00909534297336839
"MG16","Alistipes.Otu1466",0.0679332832525027
"MG17","Alistipes.Otu1466",-0.00723829155856997
"MG19","Alistipes.Otu1466",-0.0781032858380703
"MG2","Alistipes.Otu1466",0
"MG21","Alistipes.Otu1466",-0.140263310377008
"MG22","Alistipes.Otu1466",0.0015054408322282
"MG23","Alistipes.Otu1466",0
"MG25","Alistipes.Otu1466",0
"MG3","Alistipes.Otu1466",0.0192534138567292
"MG4","Alistipes.Otu1466",0.00767746776314022
"MG6","Alistipes.Otu1466",0.00557556186542686
"MG8","Alistipes.Otu1466",-0.000732600667069145
"MG1","Bacteroides.Otu2625",0.104946424591108
"MG10","Bacteroides.Otu2625",-0.0656495822630141
"MG13","Bacteroides.Otu2625",0.000667759314181517
"MG14","Bacteroides.Otu2625",0.000433795547245028
"MG16","Bacteroides.Otu2625",-0.00337943290859094
"MG17","Bacteroides.Otu2625",-0.00102188520067287
"MG19","Bacteroides.Otu2625",-0.00053720115600456
"MG2","Bacteroides.Otu2625",-0.000829015449082341
"MG21","Bacteroides.Otu2625",-0.00466944954771032
"MG22","Bacteroides.Otu2625",0.00157535060309427
"MG23","Bacteroides.Otu2625",0
"MG25","Bacteroides.Otu2625",0.0220682239489678
"MG3","Bacteroides.Otu2625",0.0505240730190496
"MG4","Bacteroides.Otu2625",-0.00165471518530572
"MG6","Bacteroides.Otu2625",-0.0208850971803546
"MG8","Bacteroides.Otu2625",0.179890083709178
"MG1","Erysipelotrichaceae_incertae_sedis.Otu0818",0.000433947044839437
"MG10","Erysipelotrichaceae_incertae_sedis.Otu0818",0
"MG13","Erysipelotrichaceae_incertae_sedis.Otu0818",0
"MG14","Erysipelotrichaceae_incertae_sedis.Otu0818",0.00081093047298183
"MG16","Erysipelotrichaceae_incertae_sedis.Otu0818",0.00168151930174703
"MG17","Erysipelotrichaceae_incertae_sedis.Otu0818",0.0347462491367216
"MG19","Erysipelotrichaceae_incertae_sedis.Otu0818",-0.000805801685560528
"MG2","Erysipelotrichaceae_incertae_sedis.Otu0818",0.375879957250321
"MG21","Erysipelotrichaceae_incertae_sedis.Otu0818",0.00174723265788559
"MG22","Erysipelotrichaceae_incertae_sedis.Otu0818",0.00540509381108976
"MG23","Erysipelotrichaceae_incertae_sedis.Otu0818",-0.00101899783722721
"MG25","Erysipelotrichaceae_incertae_sedis.Otu0818",0
"MG3","Erysipelotrichaceae_incertae_sedis.Otu0818",0.000531161448111502
"MG4","Erysipelotrichaceae_incertae_sedis.Otu0818",0.00286417295621112
"MG6","Erysipelotrichaceae_incertae_sedis.Otu0818",-0.000639386145693241
"MG8","Erysipelotrichaceae_incertae_sedis.Otu0818",-0.00164854273447336
"MG1","Blautia.Otu2475",-0.00359100114850981
"MG10","Blautia.Otu2475",-0.00295521279334096
"MG13","Blautia.Otu2475",-0.00115211275487336
"MG14","Blautia.Otu2475",-0.00336121735663514
"MG16","Blautia.Otu2475",-0.00259802358067824
"MG17","Blautia.Otu2475",0.0209398607943143
"MG19","Blautia.Otu2475",-0.000891660505486863
"MG2","Blautia.Otu2475",0.00871504874415002
"MG21","Blautia.Otu2475",-0.00984149619283347
"MG22","Blautia.Otu2475",-0.00160282737390007
"MG23","Blautia.Otu2475",-0.00813047932083817
"MG25","Blautia.Otu2475",-0.0052924794100962
"MG3","Blautia.Otu2475",-0.00362379275467114
"MG4","Blautia.Otu2475",-0.0058152443999302
"MG6","Blautia.Otu2475",-0.000385915005769106
"MG8","Blautia.Otu2475",-0.00184300017487402
"MG1","Bacteroides.Otu0480",0
"MG10","Bacteroides.Otu0480",0
"MG13","Bacteroides.Otu0480",0
"MG14","Bacteroides.Otu0480",0
"MG16","Bacteroides.Otu0480",0.0267329852509872
"MG17","Bacteroides.Otu0480",0
"MG19","Bacteroides.Otu0480",0.160220750855987
"MG2","Bacteroides.Otu0480",0
"MG21","Bacteroides.Otu0480",-0.00348869544371099
"MG22","Bacteroides.Otu0480",0
"MG23","Bacteroides.Otu0480",0
"MG25","Bacteroides.Otu0480",-0.00117295045126361
"MG3","Bacteroides.Otu0480",-0.00275639940382178
"MG4","Bacteroides.Otu0480",-0.0706114674395686
"MG6","Bacteroides.Otu0480",-0.0678860759299926
"MG8","Bacteroides.Otu0480",-7.32600731945417e-05
"MG1","Bacteroides.Otu0929",0.00446344063808367
"MG10","Bacteroides.Otu0929",-0.0045464721752221
"MG13","Bacteroides.Otu0929",0.0146020408499295
"MG14","Bacteroides.Otu0929",0.0600454489935889
"MG16","Bacteroides.Otu0929",0.000980032898742971
"MG17","Bacteroides.Otu0929",-0.00468362419462133
"MG19","Bacteroides.Otu0929",-0.000268600587691545
"MG2","Bacteroides.Otu0929",-0.000621761617970208
"MG21","Bacteroides.Otu0929",-0.00565604148491758
"MG22","Bacteroides.Otu0929",-0.0071249879446862
"MG23","Bacteroides.Otu0929",0.0266931592190306
"MG25","Bacteroides.Otu0929",0.0181094983300552
"MG3","Bacteroides.Otu0929",0.0110620307137472
"MG4","Bacteroides.Otu0929",0.00459352258901436
"MG6","Bacteroides.Otu0929",-0.00179712015655022
"MG8","Bacteroides.Otu0929",-0.0233472636390017
"MG1","Clostridium_XI.Otu1804",-0.0366308773671779
"MG10","Clostridium_XI.Otu1804",-0.00113662171480095
"MG13","Clostridium_XI.Otu1804",-0.0011066611664481
"MG14","Clostridium_XI.Otu1804",-0.00889973227005839
"MG16","Clostridium_XI.Otu1804",0.0150591657945405
"MG17","Clostridium_XI.Otu1804",0.110784929740182
"MG19","Clostridium_XI.Otu1804",-0.00303493676109396
"MG2","Clostridium_XI.Otu1804",0.0276105057634844
"MG21","Clostridium_XI.Otu1804",-0.00573720317902666
"MG22","Clostridium_XI.Otu1804",-0.00969364728014695
"MG23","Clostridium_XI.Otu1804",-0.00553501113190944
"MG25","Clostridium_XI.Otu1804",0.00366995058497072
"MG3","Clostridium_XI.Otu1804",-0.00258412483733089
"MG4","Clostridium_XI.Otu1804",-0.00742741663838563
"MG6","Clostridium_XI.Otu1804",0.0239986025756087
"MG8","Clostridium_XI.Otu1804",-0.0109803347231408
"MG1","Bacteroides.Otu0069",-0.000737105835182498
"MG10","Bacteroides.Otu0069",0.0597373294281054
"MG13","Bacteroides.Otu0069",0.0183320030064763
"MG14","Bacteroides.Otu0069",-0.00393700723247462
"MG16","Bacteroides.Otu0069",0.00178192333899383
"MG17","Bacteroides.Otu0069",0.0030765917754108
"MG19","Bacteroides.Otu0069",5.51092352704657e-05
"MG2","Bacteroides.Otu0069",0
"MG21","Bacteroides.Otu0069",0.00360725073580659
"MG22","Bacteroides.Otu0069",-0.00762166555350249
"MG23","Bacteroides.Otu0069",0.00148312885930771
"MG25","Bacteroides.Otu0069",0.0137638794558114
"MG3","Bacteroides.Otu0069",0.0518911063019151
"MG4","Bacteroides.Otu0069",0.0140286110007933
"MG6","Bacteroides.Otu0069",-0.0080180511850223
"MG8","Bacteroides.Otu0069",0.00250659348183855
"MG1","Escherichia_Shigella.Otu2393",-0.00176149283575366
"MG10","Escherichia_Shigella.Otu2393",-0.000454648768151436
"MG13","Escherichia_Shigella.Otu2393",-0.000528820705125037
"MG14","Escherichia_Shigella.Otu2393",0
"MG16","Escherichia_Shigella.Otu2393",0.00184967104887344
"MG17","Escherichia_Shigella.Otu2393",0.127986717262635
"MG19","Escherichia_Shigella.Otu2393",0
"MG2","Escherichia_Shigella.Otu2393",0.00223600030647098
"MG21","Escherichia_Shigella.Otu2393",-0.000286861728710573
"MG22","Escherichia_Shigella.Otu2393",-0.000357015344075928
"MG23","Escherichia_Shigella.Otu2393",-0.000440140830859452
"MG25","Escherichia_Shigella.Otu2393",0
"MG3","Escherichia_Shigella.Otu2393",0
"MG4","Escherichia_Shigella.Otu2393",-2.98018234278308e-05
"MG6","Escherichia_Shigella.Otu2393",-0.00424238631735487
"MG8","Escherichia_Shigella.Otu2393",-0.00065934061156813
"MG1","Bacteroides.Otu2765",0.0023557104242764
"MG10","Bacteroides.Otu2765",0.0416569654665357
"MG13","Bacteroides.Otu2765",0.00652870316936673
"MG14","Bacteroides.Otu2765",-0.00044704304225542
"MG16","Bacteroides.Otu2765",-0.0112111316224287
"MG17","Bacteroides.Otu2765",-0.000912940871440726
"MG19","Bacteroides.Otu2765",0
"MG2","Bacteroides.Otu2765",0.00299328571975791
"MG21","Bacteroides.Otu2765",-0.000966382126773619
"MG22","Bacteroides.Otu2765",0.0212909462493593
"MG23","Bacteroides.Otu2765",0.0537375738865238
"MG25","Bacteroides.Otu2765",0.0188767368150546
"MG3","Bacteroides.Otu2765",0.0163130880060801
"MG4","Bacteroides.Otu2765",-0.00373419806081654
"MG6","Bacteroides.Otu2765",0.00184622288376308
"MG8","Bacteroides.Otu2765",-0.012286650120546
"MG1","Bacteroides.Otu0661",0.00403932385199617
"MG10","Bacteroides.Otu0661",-0.00500111577464984
"MG13","Bacteroides.Otu0661",0.0133547903005235
"MG14","Bacteroides.Otu0661",0.0364461872776466
"MG16","Bacteroides.Otu0661",0.00750836392925124
"MG17","Bacteroides.Otu0661",-0.00332112137495406
"MG19","Bacteroides.Otu0661",0
"MG2","Bacteroides.Otu0661",0
"MG21","Bacteroides.Otu0661",-0.00543729956427839
"MG22","Bacteroides.Otu0661",-0.00608896537376026
"MG23","Bacteroides.Otu0661",0.0303994703800336
"MG25","Bacteroides.Otu0661",0.00480520461247144
"MG3","Bacteroides.Otu0661",-0.0165293373385107
"MG4","Bacteroides.Otu0661",-0.00250600299036468
"MG6","Bacteroides.Otu0661",-0.00249702241164553
"MG8","Bacteroides.Otu0661",-0.0143215526331161
"MG1","Bacteroides.Otu2481",0
"MG10","Bacteroides.Otu2481",0
"MG13","Bacteroides.Otu2481",0
"MG14","Bacteroides.Otu2481",0
"MG16","Bacteroides.Otu2481",0
"MG17","Bacteroides.Otu2481",0
"MG19","Bacteroides.Otu2481",0
"MG2","Bacteroides.Otu2481",-0.000207253884526626
"MG21","Bacteroides.Otu2481",0
"MG22","Bacteroides.Otu2481",0
"MG23","Bacteroides.Otu2481",0
"MG25","Bacteroides.Otu2481",-0.000128932439044534
"MG3","Bacteroides.Otu2481",-0.269605841674292
"MG4","Bacteroides.Otu2481",-0.000206839491078924
"MG6","Bacteroides.Otu2481",-0.000213128728139249
"MG8","Bacteroides.Otu2481",0
"MG1","Bacteroides.Otu1201",0.00892679235725356
"MG10","Bacteroides.Otu1201",-0.0038645050434059
"MG13","Bacteroides.Otu1201",0.0136582895993107
"MG14","Bacteroides.Otu1201",0.0235129139074544
"MG16","Bacteroides.Otu1201",0.0112576090526084
"MG17","Bacteroides.Otu1201",-0.0058758071159706
"MG19","Bacteroides.Otu1201",-0.000805801685560528
"MG2","Bacteroides.Otu1201",0.00292155394332797
"MG21","Bacteroides.Otu1201",0.000217273913613338
"MG22","Bacteroides.Otu1201",-0.00409436620860209
"MG23","Bacteroides.Otu1201",0.000741564633553569
"MG25","Bacteroides.Otu1201",0.0435766517630585
"MG3","Bacteroides.Otu1201",0.00939032188265589
"MG4","Bacteroides.Otu1201",0.00339346975639397
"MG6","Bacteroides.Otu1201",0.00412867421671522
"MG8","Bacteroides.Otu1201",0.00166234229838695
"MG1","Bacteroides.Otu0006",0.000257797671080662
"MG10","Bacteroides.Otu0006",0.0155492128056372
"MG13","Bacteroides.Otu0006",0.0180892216776953
"MG14","Bacteroides.Otu0006",0.0114535749405911
"MG16","Bacteroides.Otu0006",0.00028503939273378
"MG17","Bacteroides.Otu0006",0.00376783375567619
"MG19","Bacteroides.Otu0006",-0.0022236234367829
"MG2","Bacteroides.Otu0006",0
"MG21","Bacteroides.Otu0006",0.015768240513648
"MG22","Bacteroides.Otu0006",-0.00842089428899218
"MG23","Bacteroides.Otu0006",0.0105934263210006
"MG25","Bacteroides.Otu0006",0.00868247657487059
"MG3","Bacteroides.Otu0006",0.0249809978680265
"MG4","Bacteroides.Otu0006",0.00329471516260262
"MG6","Bacteroides.Otu0006",0.0013997961955744
"MG8","Bacteroides.Otu0006",-0.0184760621446797
"MG1","Bacteroides.Otu2437",-0.00176149283575366
"MG10","Bacteroides.Otu2437",-0.00954747941037601
"MG13","Bacteroides.Otu2437",6.07053966724828e-05
"MG14","Bacteroides.Otu2437",-7.07664000541612e-05
"MG16","Bacteroides.Otu2437",0.0250520288612818
"MG17","Bacteroides.Otu2437",-8.51571147740252e-05
"MG19","Bacteroides.Otu2437",0.0147582835458755
"MG2","Bacteroides.Otu2437",-0.00518132396715547
"MG21","Bacteroides.Otu2437",0.00562694810748677
"MG22","Bacteroides.Otu2437",0.00226931049191718
"MG23","Bacteroides.Otu2437",0
"MG25","Bacteroides.Otu2437",-0.00143081478066505
"MG3","Bacteroides.Otu2437",-0.0425133841776368
"MG4","Bacteroides.Otu2437",-0.0919827574244542
"MG6","Bacteroides.Otu2437",-0.0242837940850309
"MG8","Bacteroides.Otu2437",-0.000146520145995894
"MG1","Akkermansia.Otu1935",0
"MG10","Akkermansia.Otu1935",0.000802890319198071
"MG13","Akkermansia.Otu1935",0
"MG14","Akkermansia.Otu1935",0
"MG16","Akkermansia.Otu1935",0
"MG17","Akkermansia.Otu1935",0
"MG19","Akkermansia.Otu1935",-0.000268600587691545
"MG2","Akkermansia.Otu1935",0
"MG21","Akkermansia.Otu1935",-0.00535327740507361
"MG22","Akkermansia.Otu1935",0.154008078387939
"MG23","Akkermansia.Otu1935",-0.00198996952143726
"MG25","Akkermansia.Otu1935",-0.00038679730856033
"MG3","Akkermansia.Otu1935",8.8526912065672e-05
"MG4","Akkermansia.Otu1935",0
"MG6","Akkermansia.Otu1935",0.00857492699076214
"MG8","Akkermansia.Otu1935",0
"MG1","Bacteroides.Otu1726",0
"MG10","Bacteroides.Otu1726",0
"MG13","Bacteroides.Otu1726",0
"MG14","Bacteroides.Otu1726",-7.07664000541612e-05
"MG16","Bacteroides.Otu1726",0
"MG17","Bacteroides.Otu1726",0
"MG19","Bacteroides.Otu1726",0
"MG2","Bacteroides.Otu1726",0
"MG21","Bacteroides.Otu1726",0
"MG22","Bacteroides.Otu1726",0
"MG23","Bacteroides.Otu1726",0
"MG25","Bacteroides.Otu1726",0
"MG3","Bacteroides.Otu1726",-0.211411199058709
"MG4","Bacteroides.Otu1726",0
"MG6","Bacteroides.Otu1726",-0.000639386145693241
"MG8","Bacteroides.Otu1726",0
"MG1","Faecalibacterium.Otu0751",-0.0201839360935088
"MG10","Faecalibacterium.Otu0751",0.000870602951012989
"MG13","Faecalibacterium.Otu0751",-0.00047217598768593
"MG14","Faecalibacterium.Otu0751",-0.00193054575859865
"MG16","Faecalibacterium.Otu0751",-0.00797354384034584
"MG17","Faecalibacterium.Otu0751",0.0251863189918648
"MG19","Faecalibacterium.Otu0751",0.000359971194529682
"MG2","Faecalibacterium.Otu0751",-0.00235508924416695
"MG21","Faecalibacterium.Otu0751",0.00063453298924035
"MG22","Faecalibacterium.Otu0751",0.000756456194132604
"MG23","Faecalibacterium.Otu0751",0.00572438424131711
"MG25","Faecalibacterium.Otu0751",-0.000408562613901455
"MG3","Faecalibacterium.Otu0751",-0.00633946749251214
"MG4","Faecalibacterium.Otu0751",-0.000208611967442733
"MG6","Faecalibacterium.Otu0751",-0.00298379778905371
"MG8","Faecalibacterium.Otu0751",-0.00975751417347315
"MG1","Bifidobacterium.Otu1244",-0.0028183862634989
"MG10","Bifidobacterium.Otu1244",0
"MG13","Bifidobacterium.Otu1244",0
"MG14","Bifidobacterium.Otu1244",0
"MG16","Bifidobacterium.Otu1244",0
"MG17","Bifidobacterium.Otu1244",-8.51571147740252e-05
"MG19","Bifidobacterium.Otu1244",-0.000268600587691545
"MG2","Bifidobacterium.Otu1244",0.0064647977323528
"MG21","Bifidobacterium.Otu1244",0
"MG22","Bifidobacterium.Otu1244",0.000322061186058862
"MG23","Bifidobacterium.Otu1244",0
"MG25","Bifidobacterium.Otu1244",-0.00025786487594575
"MG3","Bifidobacterium.Otu1244",0
"MG4","Bifidobacterium.Otu1244",-0.000344732480761601
"MG6","Bifidobacterium.Otu1244",0
"MG8","Bifidobacterium.Otu1244",-0.000219780218010867
"MG1","Prevotella.Otu1633",-0.00510830964864974
"MG10","Prevotella.Otu1633",0
"MG13","Prevotella.Otu1633",0.0249836068758367
"MG14","Prevotella.Otu1633",0
"MG16","Prevotella.Otu1633",0
"MG17","Prevotella.Otu1633",-0.0411805235331692
"MG19","Prevotella.Otu1633",0
"MG2","Prevotella.Otu1633",-0.00395683407695495
"MG21","Prevotella.Otu1633",0.0427941589264733
"MG22","Prevotella.Otu1633",0
"MG23","Prevotella.Otu1633",0.000370782342264272
"MG25","Prevotella.Otu1633",-0.00105029745133196
"MG3","Prevotella.Otu1633",0
"MG4","Prevotella.Otu1633",0
"MG6","Prevotella.Otu1633",2.01711100024466e-05
"MG8","Prevotella.Otu1633",0
"MG1","Dorea.Otu1142",-0.00342167080651424
"MG10","Dorea.Otu1142",-0.0063650399947263
"MG13","Dorea.Otu1142",0.00175639288799608
"MG14","Dorea.Otu1142",-0.00340426008620206
"MG16","Dorea.Otu1142",0.0063066010951058
"MG17","Dorea.Otu1142",0.0132825538652252
"MG19","Dorea.Otu1142",-0.00393762503124271
"MG2","Dorea.Otu1142",-0.00173767033539052
"MG21","Dorea.Otu1142",-0.00200803077905431
"MG22","Dorea.Otu1142",0.0114890103853129
"MG23","Dorea.Otu1142",-0.0127637379410661
"MG25","Dorea.Otu1142",-0.00154718865554614
"MG3","Dorea.Otu1142",-0.00127533750995866
"MG4","Dorea.Otu1142",-0.0114018963072775
"MG6","Dorea.Otu1142",0.000841090407050422
"MG8","Dorea.Otu1142",-0.00945040878023045
"MG1","Lactobacillus.Otu0959",-0.180279582130514
"MG10","Lactobacillus.Otu0959",0
"MG13","Lactobacillus.Otu0959",0
"MG14","Lactobacillus.Otu0959",0
"MG16","Lactobacillus.Otu0959",0
"MG17","Lactobacillus.Otu0959",-0.000851571045846719
"MG19","Lactobacillus.Otu0959",0
"MG2","Lactobacillus.Otu0959",0.00113593311428553
"MG21","Lactobacillus.Otu0959",0
"MG22","Lactobacillus.Otu0959",0
"MG23","Lactobacillus.Otu0959",0
"MG25","Lactobacillus.Otu0959",0
"MG3","Lactobacillus.Otu0959",0
"MG4","Lactobacillus.Otu0959",0
"MG6","Lactobacillus.Otu0959",0
"MG8","Lactobacillus.Otu0959",0
"MG1","Megamonas.Otu2657",-0.129984194779587
"MG10","Megamonas.Otu2657",0
"MG13","Megamonas.Otu2657",0
"MG14","Megamonas.Otu2657",0
"MG16","Megamonas.Otu2657",0
"MG17","Megamonas.Otu2657",0.000108944329232145
"MG19","Megamonas.Otu2657",0
"MG2","Megamonas.Otu2657",0
"MG21","Megamonas.Otu2657",0
"MG22","Megamonas.Otu2657",0
"MG23","Megamonas.Otu2657",0
"MG25","Megamonas.Otu2657",0
"MG3","Megamonas.Otu2657",-0.0109679666143214
"MG4","Megamonas.Otu2657",-0.000230318611510346
"MG6","Megamonas.Otu2657",0
"MG8","Megamonas.Otu2657",0
"MG1","Prevotella.Otu2602",-0.00211379092192717
"MG10","Prevotella.Otu2602",0
"MG13","Prevotella.Otu2602",-0.0475443138211628
"MG14","Prevotella.Otu2602",0
"MG16","Prevotella.Otu2602",0
"MG17","Prevotella.Otu2602",-0.0229427759071695
"MG19","Prevotella.Otu2602",0
"MG2","Prevotella.Otu2602",-0.00145077669315138
"MG21","Prevotella.Otu2602",0.0158215103701631
"MG22","Prevotella.Otu2602",0
"MG23","Prevotella.Otu2602",0
"MG25","Prevotella.Otu2602",-0.0558774694314803
"MG3","Prevotella.Otu2602",0
"MG4","Prevotella.Otu2602",0
"MG6","Prevotella.Otu2602",0
"MG8","Prevotella.Otu2602",-7.32600731945417e-05
"MG1","Clostridium_XlVa.Otu0236",-0.000779442115190233
"MG10","Clostridium_XlVa.Otu0236",-0.0182380755988554
"MG13","Clostridium_XlVa.Otu0236",0.000221232792783019
"MG14","Clostridium_XlVa.Otu0236",0.00179845095678947
"MG16","Clostridium_XlVa.Otu0236",-0.0126417532378209
"MG17","Clostridium_XlVa.Otu0236",0.0191908066738821
"MG19","Clostridium_XlVa.Otu0236",-0.000891660505486863
"MG2","Clostridium_XlVa.Otu0236",0.00104833628907323
"MG21","Clostridium_XlVa.Otu0236",0.00418695705487264
"MG22","Clostridium_XlVa.Otu0236",0.00154039578907371
"MG23","Clostridium_XlVa.Otu0236",-0.0413354742691375
"MG25","Clostridium_XlVa.Otu0236",-0.00052200945866355
"MG3","Clostridium_XlVa.Otu0236",0.00107305337150455
"MG4","Clostridium_XlVa.Otu0236",0.00430091743709254
"MG6","Clostridium_XlVa.Otu0236",-0.0021111134122766
"MG8","Clostridium_XlVa.Otu0236",-0.00120055005926778
"MG1","Ruminococcaceae.Otu1504",0
"MG10","Ruminococcaceae.Otu1504",0
"MG13","Ruminococcaceae.Otu1504",0
"MG14","Ruminococcaceae.Otu1504",0
"MG16","Ruminococcaceae.Otu1504",0.0291023512418217
"MG17","Ruminococcaceae.Otu1504",0
"MG19","Ruminococcaceae.Otu1504",0
"MG2","Ruminococcaceae.Otu1504",0
"MG21","Ruminococcaceae.Otu1504",0
"MG22","Ruminococcaceae.Otu1504",-0.0795305569878602
"MG23","Ruminococcaceae.Otu1504",0
"MG25","Ruminococcaceae.Otu1504",0
"MG3","Ruminococcaceae.Otu1504",-0.000746525714512194
"MG4","Ruminococcaceae.Otu1504",0
"MG6","Ruminococcaceae.Otu1504",-0.0351589962998458
"MG8","Ruminococcaceae.Otu1504",0
"MG1","Sutterella.Otu0171",0
"MG10","Sutterella.Otu0171",-0.103022934338718
"MG13","Sutterella.Otu0171",0
"MG14","Sutterella.Otu0171",0
"MG16","Sutterella.Otu0171",0
"MG17","Sutterella.Otu0171",-0.0172008889864231
"MG19","Sutterella.Otu0171",0
"MG2","Sutterella.Otu0171",-0.00238737565833367
"MG21","Sutterella.Otu0171",0.0221975470701258
"MG22","Sutterella.Otu0171",0.0041867832593378
"MG23","Sutterella.Otu0171",0
"MG25","Sutterella.Otu0171",0
"MG3","Sutterella.Otu0171",-0.00162106252277241
"MG4","Sutterella.Otu0171",0
"MG6","Sutterella.Otu0171",0.00401784633277316
"MG8","Sutterella.Otu0171",0
"MG1","Lachnospiraceae.Otu2512",-0.0035229802058766
"MG10","Lachnospiraceae.Otu2512",-0.00340985927078627
"MG13","Lachnospiraceae.Otu2512",-0.000807194253752425
"MG14","Lachnospiraceae.Otu2512",-0.0115030155418713
"MG16","Lachnospiraceae.Otu2512",-0.0143738708687266
"MG17","Lachnospiraceae.Otu2512",-0.00857697216943232
"MG19","Lachnospiraceae.Otu2512",0.000719942342414573
"MG2","Lachnospiraceae.Otu2512",-0.00110799505911595
"MG21","Lachnospiraceae.Otu2512",-0.016109909850789
"MG22","Lachnospiraceae.Otu2512",-0.0210623484247194
"MG23","Lachnospiraceae.Otu2512",-0.000440140830859452
"MG25","Lachnospiraceae.Otu2512",-0.0144399313921868
"MG3","Lachnospiraceae.Otu2512",-0.0117539171917646
"MG4","Lachnospiraceae.Otu2512",0.000462166302812666
"MG6","Lachnospiraceae.Otu2512",-0.000213128728139249
"MG8","Lachnospiraceae.Otu2512",-0.0125919384229725
"MG1","Lactobacillales.Otu0504",0
"MG10","Lactobacillales.Otu0504",0
"MG13","Lactobacillales.Otu0504",0
"MG14","Lactobacillales.Otu0504",0
"MG16","Lactobacillales.Otu0504",0
"MG17","Lactobacillales.Otu0504",0
"MG19","Lactobacillales.Otu0504",0
"MG2","Lactobacillales.Otu0504",0.147888952310408
"MG21","Lactobacillales.Otu0504",0
"MG22","Lactobacillales.Otu0504",0
"MG23","Lactobacillales.Otu0504",0
"MG25","Lactobacillales.Otu0504",0
"MG3","Lactobacillales.Otu0504",0
"MG4","Lactobacillales.Otu0504",0
"MG6","Lactobacillales.Otu0504",0
"MG8","Lactobacillales.Otu0504",0
"MG1","Bacteroides.Otu2104",0.00123984842079974
"MG10","Bacteroides.Otu2104",0.0257708622369847
"MG13","Bacteroides.Otu2104",0.00455288902389643
"MG14","Bacteroides.Otu2104",0.000433795547245028
"MG16","Bacteroides.Otu2104",-0.00593953118087485
"MG17","Bacteroides.Otu2104",-0.000596099768836123
"MG19","Bacteroides.Otu2104",0
"MG2","Bacteroides.Otu2104",0.00244325418209519
"MG21","Bacteroides.Otu2104",-0.000369475222755512
"MG22","Bacteroides.Otu2104",0.00610610035332416
"MG23","Bacteroides.Otu2104",0.0248398629784075
"MG25","Bacteroides.Otu2104",0.00735241174008819
"MG3","Bacteroides.Otu2104",0.00531753060447155
"MG4","Bacteroides.Otu2104",-0.00142918701644246
"MG6","Bacteroides.Otu2104",0.000699899168216407
"MG8","Bacteroides.Otu2104",-0.0115015779166335
"MG1","Prevotella.Otu1803",-0.00158534370794946
"MG10","Prevotella.Otu1803",0
"MG13","Prevotella.Otu1803",-0.0336830381435941
"MG14","Prevotella.Otu1803",-7.07664000541612e-05
"MG16","Prevotella.Otu1803",0
"MG17","Prevotella.Otu1803",-0.023708977556313
"MG19","Prevotella.Otu1803",0
"MG2","Prevotella.Otu1803",-0.00186528389245101
"MG21","Prevotella.Otu1803",0.0128126954412301
"MG22","Prevotella.Otu1803",0
"MG23","Prevotella.Otu1803",0
"MG25","Prevotella.Otu1803",-0.0415693691101475
"MG3","Prevotella.Otu1803",4.42634560761977e-05
"MG4","Prevotella.Otu1803",0
"MG6","Prevotella.Otu1803",0
"MG8","Prevotella.Otu1803",0
"MG1","Lachnospiraceae.Otu0220",-0.00457986773079782
"MG10","Lachnospiraceae.Otu0220",-0.00181859413282311
"MG13","Lachnospiraceae.Otu0220",0.000127253403210254
"MG14","Lachnospiraceae.Otu0220",-0.00577864249516786
"MG16","Lachnospiraceae.Otu0220",-0.00111348028025419
"MG17","Lachnospiraceae.Otu0220",-0.000633682388675476
"MG19","Lachnospiraceae.Otu0220",-0.00626361625660308
"MG2","Lachnospiraceae.Otu0220",-0.000107589881289776
"MG21","Lachnospiraceae.Otu0220",-0.00415948312926266
"MG22","Lachnospiraceae.Otu0220",0.00275872233808527
"MG23","Lachnospiraceae.Otu0220",-0.0422409582592227
"MG25","Lachnospiraceae.Otu0220",-0.00541513598953297
"MG3","Lachnospiraceae.Otu0220",-0.00599849189010882
"MG4","Lachnospiraceae.Otu0220",0.0129668777540282
"MG6","Lachnospiraceae.Otu0220",-0.00191815739151976
"MG8","Lachnospiraceae.Otu0220",-0.0046153682295608
"MG1","Bacteroides.Otu1565",0.000185977309696003
"MG10","Bacteroides.Otu1565",-0.103927385524875
"MG13","Bacteroides.Otu1565",0
"MG14","Bacteroides.Otu1565",-0.000141532799753933
"MG16","Bacteroides.Otu1565",0.01076152088557
"MG17","Bacteroides.Otu1565",0
"MG19","Bacteroides.Otu1565",0.000359971194529682
"MG2","Bacteroides.Otu1565",0
"MG21","Bacteroides.Otu1565",-0.000143430865830646
"MG22","Bacteroides.Otu1565",0.00866787386747148
"MG23","Bacteroides.Otu1565",0
"MG25","Bacteroides.Otu1565",-0.000393077064628668
"MG3","Bacteroides.Otu1565",-0.00032903983784057
"MG4","Bacteroides.Otu1565",-0.00361500904839157
"MG6","Bacteroides.Otu1565",-0.000639386145693241
"MG8","Bacteroides.Otu1565",-7.32600731945417e-05
"MG1","Enterococcus.Otu1019",0.0717257263476236
"MG10","Enterococcus.Otu1019",0.000174120801997759
"MG13","Enterococcus.Otu1019",6.07053966724828e-05
"MG14","Enterococcus.Otu1019",0
"MG16","Enterococcus.Otu1019",0
"MG17","Enterococcus.Otu1019",0
"MG19","Enterococcus.Otu1019",-0.000268600587691545
"MG2","Enterococcus.Otu1019",0.000757288833335057
"MG21","Enterococcus.Otu1019",0
"MG22","Enterococcus.Otu1019",0
"MG23","Enterococcus.Otu1019",0.00111234682289298
"MG25","Enterococcus.Otu1019",0
"MG3","Enterococcus.Otu1019",0
"MG4","Enterococcus.Otu1019",0
"MG6","Enterococcus.Otu1019",0
"MG8","Enterococcus.Otu1019",0.00331624354476794
"MG1","Gemmiger.Otu0907",4.98927044591205e-05
"MG10","Gemmiger.Otu0907",-0.00113662171480095
"MG13","Gemmiger.Otu0907",0.00013893860905648
"MG14","Gemmiger.Otu0907",-0.00479581806887027
"MG16","Gemmiger.Otu0907",-0.00209875129045224
"MG17","Gemmiger.Otu0907",-0.0137035562196522
"MG19","Gemmiger.Otu0907",0
"MG2","Gemmiger.Otu0907",-0.00856900083692963
"MG21","Gemmiger.Otu0907",-0.0106600389823204
"MG22","Gemmiger.Otu0907",-0.00483569074925884
"MG23","Gemmiger.Otu0907",0
"MG25","Gemmiger.Otu0907",-0.00647792409158202
"MG3","Gemmiger.Otu0907",-0.00452104002791455
"MG4","Gemmiger.Otu0907",-6.89464974633019e-05
"MG6","Gemmiger.Otu0907",-0.00383630772555518
"MG8","Gemmiger.Otu0907",-0.00101720370259961
"MG1","Clostridium_XI.Otu2681",-0.00246608874575035
"MG10","Clostridium_XI.Otu2681",0
"MG13","Clostridium_XI.Otu2681",0.000182116189122616
"MG14","Clostridium_XI.Otu2681",0
"MG16","Clostridium_XI.Otu2681",0.00085408915797868
"MG17","Clostridium_XI.Otu2681",0.101579225409608
"MG19","Clostridium_XI.Otu2681",-0.00053720115600456
"MG2","Clostridium_XI.Otu2681",-0.000207253884526626
"MG21","Clostridium_XI.Otu2681",-0.000717154270138863
"MG22","Clostridium_XI.Otu2681",-0.00292602359373845
"MG23","Clostridium_XI.Otu2681",-0.00138978012851651
"MG25","Clostridium_XI.Otu2681",-0.000128932439044534
"MG3","Clostridium_XI.Otu2681",-5.74250602647521e-05
"MG4","Clostridium_XI.Otu2681",-0.000620518437840274
"MG6","Clostridium_XI.Otu2681",0.00596480960923451
"MG8","Clostridium_XI.Otu2681",-0.00344321663957206
"MG1","Bacteroides.Otu2216",-0.000352298742051882
"MG10","Bacteroides.Otu2216",-0.00613772004512661
"MG13","Bacteroides.Otu2216",0
"MG14","Bacteroides.Otu2216",0
"MG16","Bacteroides.Otu2216",-0.00263198333682661
"MG17","Bacteroides.Otu2216",0
"MG19","Bacteroides.Otu2216",0.0755221407393939
"MG2","Bacteroides.Otu2216",0
"MG21","Bacteroides.Otu2216",-0.00229489184680614
"MG22","Bacteroides.Otu2216",-3.49541580170664e-05
"MG23","Bacteroides.Otu2216",0
"MG25","Bacteroides.Otu2216",0
"MG3","Bacteroides.Otu2216",0
"MG4","Bacteroides.Otu2216",0
"MG6","Bacteroides.Otu2216",0
"MG8","Bacteroides.Otu2216",0.0248462484927707
"MG1","Megamonas.Otu1877",0
"MG10","Megamonas.Otu1877",0
"MG13","Megamonas.Otu1877",0
"MG14","Megamonas.Otu1877",0
"MG16","Megamonas.Otu1877",0
"MG17","Megamonas.Otu1877",0
"MG19","Megamonas.Otu1877",0
"MG2","Megamonas.Otu1877",0
"MG21","Megamonas.Otu1877",0
"MG22","Megamonas.Otu1877",0
"MG23","Megamonas.Otu1877",0
"MG25","Megamonas.Otu1877",0
"MG3","Megamonas.Otu1877",0
"MG4","Megamonas.Otu1877",-0.0735986495604034
"MG6","Megamonas.Otu1877",0
"MG8","Megamonas.Otu1877",0
"MG1","Ruminococcus.Otu0422",0
"MG10","Ruminococcus.Otu0422",0
"MG13","Ruminococcus.Otu0422",0
"MG14","Ruminococcus.Otu0422",-7.07664000541612e-05
"MG16","Ruminococcus.Otu0422",0
"MG17","Ruminococcus.Otu0422",0
"MG19","Ruminococcus.Otu0422",-0.081831819244812
"MG2","Ruminococcus.Otu0422",0
"MG21","Ruminococcus.Otu0422",0
"MG22","Ruminococcus.Otu0422",0
"MG23","Ruminococcus.Otu0422",0
"MG25","Ruminococcus.Otu0422",0
"MG3","Ruminococcus.Otu0422",-0.00315837306533072
"MG4","Ruminococcus.Otu0422",0
"MG6","Ruminococcus.Otu0422",-0.00341005306709512
"MG8","Ruminococcus.Otu0422",0
"MG1","Parabacteroides.Otu1736",-0.000528448099413653
"MG10","Parabacteroides.Otu1736",-0.000227324389949368
"MG13","Parabacteroides.Otu1736",-0.00105179853389822
"MG14","Parabacteroides.Otu1736",0
"MG16","Parabacteroides.Otu1736",-0.00541876896053372
"MG17","Parabacteroides.Otu1736",-0.00908789442933438
"MG19","Parabacteroides.Otu1736",0
"MG2","Parabacteroides.Otu1736",0.000342781073184224
"MG21","Parabacteroides.Otu1736",-0.0104580720570185
"MG22","Parabacteroides.Otu1736",0.000189716174851164
"MG23","Parabacteroides.Otu1736",0.00998921996980667
"MG25","Parabacteroides.Otu1736",0.000937249401954493
"MG3","Parabacteroides.Otu1736",-0.00302558269744902
"MG4","Parabacteroides.Otu1736",0.00069880774572972
"MG6","Parabacteroides.Otu1736",0.00401493013043015
"MG8","Parabacteroides.Otu1736",-0.00769223183330498
"MG1","Lachnospiraceae.Otu2222",-0.00434172769647153
"MG10","Lachnospiraceae.Otu2222",-0.00204591809987083
"MG13","Lachnospiraceae.Otu2222",-0.000264410361805357
"MG14","Lachnospiraceae.Otu2222",-0.000778430322630022
"MG16","Lachnospiraceae.Otu2222",-0.00474099363641441
"MG17","Lachnospiraceae.Otu2222",-0.00244576633816902
"MG19","Lachnospiraceae.Otu2222",0
"MG2","Lachnospiraceae.Otu2222",-0.00613356048526096
"MG21","Lachnospiraceae.Otu2222",-0.00143430817143827
"MG22","Lachnospiraceae.Otu2222",-0.00606922371769546
"MG23","Lachnospiraceae.Otu2222",-0.0400421156488678
"MG25","Lachnospiraceae.Otu2222",-0.00683336610761963
"MG3","Lachnospiraceae.Otu2222",-0.00153253561096691
"MG4","Lachnospiraceae.Otu2222",-0.0060314523897714
"MG6","Lachnospiraceae.Otu2222",-0.00106564344707378
"MG8","Lachnospiraceae.Otu2222",-0.00278387918804517
"MG1","Sutterella.Otu1997",-0.00176149283575366
"MG10","Sutterella.Otu1997",-0.00750163457425891
"MG13","Sutterella.Otu1997",0.0112161988726299
"MG14","Sutterella.Otu1997",0
"MG16","Sutterella.Otu1997",-0.0256977443967065
"MG17","Sutterella.Otu1997",-0.00212892626375832
"MG19","Sutterella.Otu1997",-0.000268600587691545
"MG2","Sutterella.Otu1997",-0.00145077669315138
"MG21","Sutterella.Otu1997",0.00485340746497502
"MG22","Sutterella.Otu1997",0
"MG23","Sutterella.Otu1997",0
"MG25","Sutterella.Otu1997",0.0557435434126206
"MG3","Sutterella.Otu1997",0
"MG4","Sutterella.Otu1997",0
"MG6","Sutterella.Otu1997",0
"MG8","Sutterella.Otu1997",-0.00427168616670763
"MG1","Clostridium_IV.Otu1864",-0.000704597440378425
"MG10","Clostridium_IV.Otu1864",0
"MG13","Clostridium_IV.Otu1864",-0.000423155976163221
"MG14","Clostridium_IV.Otu1864",0
"MG16","Clostridium_IV.Otu1864",0.010949338982028
"MG17","Clostridium_IV.Otu1864",-0.000425785561519392
"MG19","Clostridium_IV.Otu1864",-0.0209261327385946
"MG2","Clostridium_IV.Otu1864",-0.00849730706914035
"MG21","Clostridium_IV.Otu1864",0
"MG22","Clostridium_IV.Otu1864",-0.025702275375725
"MG23","Clostridium_IV.Otu1864",0.000741564633553569
"MG25","Clostridium_IV.Otu1864",-0.000644662152356319
"MG3","Clostridium_IV.Otu1864",-0.000172275180036788
"MG4","Clostridium_IV.Otu1864",0.000383877149880892
"MG6","Clostridium_IV.Otu1864",-0.00243649898343814
"MG8","Clostridium_IV.Otu1864",0
"MG1","Bacteroides.Otu0877",0.00410131572997382
"MG10","Bacteroides.Otu0877",-0.0142915283604893
"MG13","Bacteroides.Otu0877",0.000910580824810697
"MG14","Bacteroides.Otu0877",-0.000805776642588575
"MG16","Bacteroides.Otu0877",0.00185479247047074
"MG17","Bacteroides.Otu0877",0
"MG19","Bacteroides.Otu0877",-0.0013430025508874
"MG2","Bacteroides.Otu0877",0.00547238237243418
"MG21","Bacteroides.Otu0877",-0.000906947365344315
"MG22","Bacteroides.Otu0877",0.0040469519834042
"MG23","Bacteroides.Otu0877",0.00148312885930771
"MG25","Bacteroides.Otu0877",0.00114155226348147
"MG3","Bacteroides.Otu0877",0.00270123932227186
"MG4","Bacteroides.Otu0877",0.0434808499868445
"MG6","Bacteroides.Otu0877",-0.00168485712740975
"MG8","Bacteroides.Otu0877",-0.00487190148964359
"MG1","Lachnospiraceae.Otu0898",0.000123984873527736
"MG10","Lachnospiraceae.Otu0898",-0.000454648768151436
"MG13","Lachnospiraceae.Otu0898",0.000728464696089264
"MG14","Lachnospiraceae.Otu0898",0.000795109325154269
"MG16","Lachnospiraceae.Otu0898",0.000336304012493673
"MG17","Lachnospiraceae.Otu0898",0.00076261023221447
"MG19","Lachnospiraceae.Otu0898",-0.00268600267946803
"MG2","Lachnospiraceae.Otu0898",0.00984459675692749
"MG21","Lachnospiraceae.Otu0898",0.000388274111773974
"MG22","Lachnospiraceae.Otu0898",0.000574213767536152
"MG23","Lachnospiraceae.Otu0898",0.00148312885930771
"MG25","Lachnospiraceae.Otu0898",0
"MG3","Lachnospiraceae.Otu0898",0.000486897997759043
"MG4","Lachnospiraceae.Otu0898",0.00527550010628162
"MG6","Lachnospiraceae.Otu0898",2.01711100024466e-05
"MG8","Lachnospiraceae.Otu0898",-0.000504383484736575
"MG1","Phascolarctobacterium.Otu1814",-0.0341663310208481
"MG10","Phascolarctobacterium.Otu1814",0
"MG13","Phascolarctobacterium.Otu1814",0.00030352697888825
"MG14","Phascolarctobacterium.Otu1814",0
"MG16","Phascolarctobacterium.Otu1814",0.000672607986951238
"MG17","Phascolarctobacterium.Otu1814",0
"MG19","Phascolarctobacterium.Otu1814",0
"MG2","Phascolarctobacterium.Otu1814",0
"MG21","Phascolarctobacterium.Otu1814",0
"MG22","Phascolarctobacterium.Otu1814",0.00525220389176388
"MG23","Phascolarctobacterium.Otu1814",0
"MG25","Phascolarctobacterium.Otu1814",0
"MG3","Phascolarctobacterium.Otu1814",0.00141643012127625
"MG4","Phascolarctobacterium.Otu1814",0.00645506508914615
"MG6","Phascolarctobacterium.Otu1814",-0.0106685066313853
"MG8","Phascolarctobacterium.Otu1814",0
"MG1","Prevotella.Otu0634",-0.0246584135050284
"MG10","Prevotella.Otu0634",-0.00204591809987083
"MG13","Prevotella.Otu0634",0.0134346477509486
"MG14","Prevotella.Otu0634",0
"MG16","Prevotella.Otu0634",-0.000774113562567507
"MG17","Prevotella.Otu0634",-0.010388981131915
"MG19","Prevotella.Otu0634",0
"MG2","Prevotella.Otu0634",-0.00227979077126525
"MG21","Prevotella.Otu0634",0.00444915080150816
"MG22","Prevotella.Otu0634",0
"MG23","Prevotella.Otu0634",0
"MG25","Prevotella.Otu0634",-0.0293000936546108
"MG3","Prevotella.Otu0634",-5.74250602647521e-05
"MG4","Prevotella.Otu0634",0
"MG6","Prevotella.Otu0634",0.0160707368014297
"MG8","Prevotella.Otu0634",-7.32600731945417e-05
"MG1","Prevotella.Otu0738",0
"MG10","Prevotella.Otu0738",0
"MG13","Prevotella.Otu0738",0.0963318879548512
"MG14","Prevotella.Otu0738",0
"MG16","Prevotella.Otu0738",0
"MG17","Prevotella.Otu0738",-0.000425785561519392
"MG19","Prevotella.Otu0738",0
"MG2","Prevotella.Otu0738",-0.000414507760150834
"MG21","Prevotella.Otu0738",0.0147538813488317
"MG22","Prevotella.Otu0738",0
"MG23","Prevotella.Otu0738",0
"MG25","Prevotella.Otu0738",-0.00128932403679815
"MG3","Prevotella.Otu0738",0
"MG4","Prevotella.Otu0738",0
"MG6","Prevotella.Otu0738",0
"MG8","Prevotella.Otu0738",0
"MG1","Parabacteroides.Otu1378",-0.000176149373758775
"MG10","Parabacteroides.Otu1378",-0.000227324389949368
"MG13","Parabacteroides.Otu1378",0.0106232446116671
"MG14","Parabacteroides.Otu1378",-0.000778430322630022
"MG16","Parabacteroides.Otu1378",-0.00259199360454616
"MG17","Parabacteroides.Otu1378",-0.000487155439603979
"MG19","Parabacteroides.Otu1378",-0.00678970495394729
"MG2","Parabacteroides.Otu1378",0.000757288833335057
"MG21","Parabacteroides.Otu1378",0.00714531568299286
"MG22","Parabacteroides.Otu1378",0.00479594091754427
"MG23","Parabacteroides.Otu1378",0
"MG25","Parabacteroides.Otu1378",0.0360123619899658
"MG3","Parabacteroides.Otu1378",-0.00028712529753642
"MG4","Parabacteroides.Otu1378",0.00514693587537286
"MG6","Parabacteroides.Otu1378",0.00339572605089212
"MG8","Parabacteroides.Otu1378",-0.000293040288846271
"MG1","Clostridiales.Otu1597",0
"MG10","Clostridiales.Otu1597",0
"MG13","Clostridiales.Otu1597",-0.0019704980347116
"MG14","Clostridiales.Otu1597",-0.000141532799753933
"MG16","Clostridiales.Otu1597",0
"MG17","Clostridiales.Otu1597",0
"MG19","Clostridiales.Otu1597",-0.00510338907487164
"MG2","Clostridiales.Otu1597",-0.0277684519394382
"MG21","Clostridiales.Otu1597",0
"MG22","Clostridiales.Otu1597",0
"MG23","Clostridiales.Otu1597",-0.0517215434522915
"MG25","Clostridiales.Otu1597",-0.000644662152356319
"MG3","Clostridiales.Otu1597",0
"MG4","Clostridiales.Otu1597",0
"MG6","Clostridiales.Otu1597",-0.010016882785308
"MG8","Clostridiales.Otu1597",0
"MG1","Lachnospiracea_incertae_sedis.Otu1152",-0.000704597440378425
"MG10","Lachnospiracea_incertae_sedis.Otu1152",-0.000681973122858909
"MG13","Lachnospiracea_incertae_sedis.Otu1152",0.000121410793121257
"MG14","Lachnospiracea_incertae_sedis.Otu1152",-0.00268911996329957
"MG16","Lachnospiracea_incertae_sedis.Otu1152",0.00165998466451602
"MG17","Lachnospiracea_incertae_sedis.Otu1152",-0.00187345543137268
"MG19","Lachnospiracea_incertae_sedis.Otu1152",-0.0078751707379584
"MG2","Lachnospiracea_incertae_sedis.Otu1152",2.79372408682006e-05
"MG21","Lachnospiracea_incertae_sedis.Otu1152",-0.00286861339217112
"MG22","Lachnospiracea_incertae_sedis.Otu1152",-0.00107104585020724
"MG23","Lachnospiracea_incertae_sedis.Otu1152",-0.0242053827517675
"MG25","Lachnospiracea_incertae_sedis.Otu1152",-0.00180505317141525
"MG3","Lachnospiracea_incertae_sedis.Otu1152",-0.00127173373433901
"MG4","Lachnospiracea_incertae_sedis.Otu1152",0.0114842273522253
"MG6","Lachnospiracea_incertae_sedis.Otu1152",0.000334154345881896
"MG8","Lachnospiracea_incertae_sedis.Otu1152",-0.00293039873639651
"MG1","Prevotella.Otu1319",-0.000352298742051882
"MG10","Prevotella.Otu1319",0
"MG13","Prevotella.Otu1319",-0.0432556591274092
"MG14","Prevotella.Otu1319",0
"MG16","Prevotella.Otu1319",0
"MG17","Prevotella.Otu1319",-0.0100859399176427
"MG19","Prevotella.Otu1319",0
"MG2","Prevotella.Otu1319",-0.00227979077126525
"MG21","Prevotella.Otu1319",0.00834779665886468
"MG22","Prevotella.Otu1319",0
"MG23","Prevotella.Otu1319",0
"MG25","Prevotella.Otu1319",-0.0328034692857631
"MG3","Prevotella.Otu1319",0
"MG4","Prevotella.Otu1319",0
"MG6","Prevotella.Otu1319",0
"MG8","Prevotella.Otu1319",0
"MG1","Klebsiella.Otu1452",0
"MG10","Klebsiella.Otu1452",0
"MG13","Klebsiella.Otu1452",-0.000616957478928615
"MG14","Klebsiella.Otu1452",0
"MG16","Klebsiella.Otu1452",0.000168152008624093
"MG17","Klebsiella.Otu1452",0.00686343886930936
"MG19","Klebsiella.Otu1452",0
"MG2","Klebsiella.Otu1452",0
"MG21","Klebsiella.Otu1452",0.000291205587031611
"MG22","Klebsiella.Otu1452",0
"MG23","Klebsiella.Otu1452",0
"MG25","Klebsiella.Otu1452",0
"MG3","Klebsiella.Otu1452",0
"MG4","Klebsiella.Otu1452",0
"MG6","Klebsiella.Otu1452",0.000233299828460568
"MG8","Klebsiella.Otu1452",0
"MG1","Lachnospiracea_incertae_sedis.Otu0113",-0.00404159508957747
"MG10","Lachnospiracea_incertae_sedis.Otu0113",-0.00818358676439772
"MG13","Lachnospiracea_incertae_sedis.Otu0113",-0.00159636399462155
"MG14","Lachnospiracea_incertae_sedis.Otu0113",-0.00467804294183561
"MG16","Lachnospiracea_incertae_sedis.Otu0113",-0.00288316044501751
"MG17","Lachnospiracea_incertae_sedis.Otu0113",-0.000866780772585016
"MG19","Lachnospiracea_incertae_sedis.Otu0113",0.000902683155666588
"MG2","Lachnospiracea_incertae_sedis.Otu0113",-0.00404539085286994
"MG21","Lachnospiracea_incertae_sedis.Otu0113",-0.00444634220531374
"MG22","Lachnospiracea_incertae_sedis.Otu0113",-0.00367499948471376
"MG23","Lachnospiracea_incertae_sedis.Otu0113",-0.00143513978362448
"MG25","Lachnospiracea_incertae_sedis.Otu0113",-0.00399689497960008
"MG3","Lachnospiracea_incertae_sedis.Otu0113",-0.00466339262565553
"MG4","Lachnospiracea_incertae_sedis.Otu0113",-0.00117209018943604
"MG6","Lachnospiracea_incertae_sedis.Otu0113",-0.000213128728139249
"MG8","Lachnospiracea_incertae_sedis.Otu0113",-0.00271061939126137
"MG1","Blautia.Otu2495",0.000254772627004267
"MG10","Blautia.Otu2495",-0.00318253611429347
"MG13","Blautia.Otu2495",3.91166170828931e-05
"MG14","Blautia.Otu2495",0.00330954048293397
"MG16","Blautia.Otu2495",-0.00220236941400892
"MG17","Blautia.Otu2495",-0.00310323271778282
"MG19","Blautia.Otu2495",0
"MG2","Blautia.Otu2495",-0.0164156942674628
"MG21","Blautia.Otu2495",-0.00124017111189285
"MG22","Blautia.Otu2495",-0.000714030642646706
"MG23","Blautia.Otu2495",-0.00447074803890682
"MG25","Blautia.Otu2495",-0.000515729734744959
"MG3","Blautia.Otu2495",-0.00180171996473018
"MG4","Blautia.Otu2495",-0.000650320128531292
"MG6","Blautia.Otu2495",-0.000345572347334252
"MG8","Blautia.Otu2495",-0.0022710603188148
"MG1","Roseburia.Otu1051",-0.000149690173649459
"MG10","Roseburia.Otu1051",-0.0016444729079237
"MG13","Roseburia.Otu1051",7.82332246879441e-05
"MG14","Roseburia.Otu1051",-0.000769232036703137
"MG16","Roseburia.Otu1051",-0.00206906569750446
"MG17","Roseburia.Otu1051",0.00614691826367668
"MG19","Roseburia.Otu1051",-0.00053720115600456
"MG2","Roseburia.Otu1051",0.0152088086001082
"MG21","Roseburia.Otu1051",-0.000573723433815398
"MG22","Roseburia.Otu1051",-0.000357015344075928
"MG23","Roseburia.Otu1051",-0.0140597992556946
"MG25","Roseburia.Otu1051",-0.000644662152356319
"MG3","Roseburia.Otu1051",-0.000812333622622448
"MG4","Roseburia.Otu1051",0.000145461720824556
"MG6","Roseburia.Otu1051",-0.00191815739151976
"MG8","Roseburia.Otu1051",-0.00118635822229615
"MG1","Bacteroidales.Otu1168",0.0243606182127185
"MG10","Bacteroidales.Otu1168",-0.000227324389949368
"MG13","Bacteroidales.Otu1168",0.000789170075312514
"MG14","Bacteroidales.Otu1168",0
"MG16","Bacteroidales.Otu1168",-0.000309645451004784
"MG17","Bacteroidales.Otu1168",-0.000170314228930514
"MG19","Bacteroidales.Otu1168",0
"MG2","Bacteroidales.Otu1168",0
"MG21","Bacteroidales.Otu1168",-0.0055850770026948
"MG22","Bacteroidales.Otu1168",0
"MG23","Bacteroidales.Otu1168",0
"MG25","Bacteroidales.Otu1168",0.0513472967969118
"MG3","Bacteroidales.Otu1168",0.000309844187676877
"MG4","Bacteroidales.Otu1168",0
"MG6","Bacteroidales.Otu1168",0
"MG8","Bacteroidales.Otu1168",0.000236654082293652
"MG1","Alistipes.Otu0529",-0.000704597440378425
"MG10","Alistipes.Otu0529",-0.00704699782311856
"MG13","Alistipes.Otu0529",0
"MG14","Alistipes.Otu0529",-7.07664000541612e-05
"MG16","Alistipes.Otu0529",0.00606356935392403
"MG17","Alistipes.Otu0529",-0.000936728126656243
"MG19","Alistipes.Otu0529",0
"MG2","Alistipes.Otu0529",0
"MG21","Alistipes.Otu0529",-0.0162933084250539
"MG22","Alistipes.Otu0529",0
"MG23","Alistipes.Otu0529",0
"MG25","Alistipes.Otu0529",0.00670774966274796
"MG3","Alistipes.Otu0529",0.00473617209524306
"MG4","Alistipes.Otu0529",0
"MG6","Alistipes.Otu0529",0.00185493399559449
"MG8","Alistipes.Otu0529",-0.0049084051991569
"MG1","Bacteroides.Otu2375",0.000681916753299911
"MG10","Bacteroides.Otu2375",0.00190081527833095
"MG13","Bacteroides.Otu2375",0.00339949566799114
"MG14","Bacteroides.Otu2375",0.00679374696836002
"MG16","Bacteroides.Otu2375",0.00495635012087984
"MG17","Bacteroides.Otu2375",0.000592296003283956
"MG19","Bacteroides.Otu2375",0.00027411171144941
"MG2","Bacteroides.Otu2375",0
"MG21","Bacteroides.Otu2375",0.00294244405004555
"MG22","Bacteroides.Otu2375",0.00282863505487983
"MG23","Bacteroides.Otu2375",0.00593248281378536
"MG25","Bacteroides.Otu2375",-0.000779874199580382
"MG3","Bacteroides.Otu2375",0.00725174516007848
"MG4","Bacteroides.Otu2375",0.000579599334937282
"MG6","Bacteroides.Otu2375",-0.000406086259145927
"MG8","Bacteroides.Otu2375",-0.00292498760755423
"MG1","Prevotella.Otu1563",-0.0102164860029275
"MG10","Prevotella.Otu1563",0
"MG13","Prevotella.Otu1563",-0.0122176705127187
"MG14","Prevotella.Otu1563",0
"MG16","Prevotella.Otu1563",0
"MG17","Prevotella.Otu1563",-0.0150722386606874
"MG19","Prevotella.Otu1563",0
"MG2","Prevotella.Otu1563",-0.000657624800773879
"MG21","Prevotella.Otu1563",0.00504754214658138
"MG22","Prevotella.Otu1563",0
"MG23","Prevotella.Otu1563",0
"MG25","Prevotella.Otu1563",-0.0109735931778783
"MG3","Prevotella.Otu1563",0
"MG4","Prevotella.Otu1563",0
"MG6","Prevotella.Otu1563",0
"MG8","Prevotella.Otu1563",0
"MG1","Bacteroides.Otu2120",-0.000114156936875786
"MG10","Bacteroides.Otu2120",0.00998273699535969
"MG13","Bacteroides.Otu2120",0.00694546138458249
"MG14","Bacteroides.Otu2120",-0.000141532799753933
"MG16","Bacteroides.Otu2120",0.00165177346725959
"MG17","Bacteroides.Otu2120",-0.00203377651725624
"MG19","Bacteroides.Otu2120",0.000365482154690189
"MG2","Bacteroides.Otu2120",-0.000450371005271386
"MG21","Bacteroides.Otu2120",0.000110100059681025
"MG22","Bacteroides.Otu2120",-0.00124581366799858
"MG23","Bacteroides.Otu2120",0
"MG25","Bacteroides.Otu2120",0.00146249894493746
"MG3","Bacteroides.Otu2120",0.00251580235155018
"MG4","Bacteroides.Otu2120",0.000136119240035094
"MG6","Bacteroides.Otu2120",-0.000852514815745745
"MG8","Bacteroides.Otu2120",0
"MG1","Lachnospiraceae.Otu2599",0.00183708973682776
"MG10","Lachnospiraceae.Otu2599",-0.00136394592854101
"MG13","Lachnospiraceae.Otu2599",0.000133096008709622
"MG14","Lachnospiraceae.Otu2599",-0.00111644092850644
"MG16","Lachnospiraceae.Otu2599",0.00252739455239463
"MG17","Lachnospiraceae.Otu2599",0.0122910014183936
"MG19","Lachnospiraceae.Otu2599",-0.000268600587691545
"MG2","Lachnospiraceae.Otu2599",0.0190664779578894
"MG21","Lachnospiraceae.Otu2599",-0.000286861728710573
"MG22","Lachnospiraceae.Otu2599",-3.49541580170664e-05
"MG23","Lachnospiraceae.Otu2599",-0.000925645943327344
"MG25","Lachnospiraceae.Otu2599",-0.000773594559251096
"MG3","Lachnospiraceae.Otu2599",-0.00065322010204463
"MG4","Lachnospiraceae.Otu2599",0.00183931506923087
"MG6","Lachnospiraceae.Otu2599",-0.000192957589093424
"MG8","Lachnospiraceae.Otu2599",-0.000862246500546574
"MG1","Parabacteroides.Otu1107",-0.00105689605125434
"MG10","Parabacteroides.Otu1107",0
"MG13","Parabacteroides.Otu1107",0.00127481298561176
"MG14","Parabacteroides.Otu1107",-0.000990729439510934
"MG16","Parabacteroides.Otu1107",-0.000579302876829212
"MG17","Parabacteroides.Otu1107",-0.000425785561519392
"MG19","Parabacteroides.Otu1107",-0.00160057387589215
"MG2","Parabacteroides.Otu1107",-0.000414507760150834
"MG21","Parabacteroides.Otu1107",0.0274543329800285
"MG22","Parabacteroides.Otu1107",0.0173554240254135
"MG23","Parabacteroides.Otu1107",0
"MG25","Parabacteroides.Otu1107",0
"MG3","Parabacteroides.Otu1107",-0.000344550354960667
"MG4","Parabacteroides.Otu1107",0.00375685246151005
"MG6","Parabacteroides.Otu1107",0
"MG8","Parabacteroides.Otu1107",-0.00109890087773206
"MG1","Streptococcus.Otu0749",0
"MG10","Streptococcus.Otu0749",0
"MG13","Streptococcus.Otu0749",0
"MG14","Streptococcus.Otu0749",0
"MG16","Streptococcus.Otu0749",0
"MG17","Streptococcus.Otu0749",0.000108944329232145
"MG19","Streptococcus.Otu0749",0
"MG2","Streptococcus.Otu0749",0.00151457723237572
"MG21","Streptococcus.Otu0749",0
"MG22","Streptococcus.Otu0749",0
"MG23","Streptococcus.Otu0749",0
"MG25","Streptococcus.Otu0749",0
"MG3","Streptococcus.Otu0749",0
"MG4","Streptococcus.Otu0749",-0.0752186260416841
"MG6","Streptococcus.Otu0749",0
"MG8","Streptococcus.Otu0749",0
"MG1","Bacteroides.Otu1624",0.000123984873527736
"MG10","Bacteroides.Otu1624",-0.0290934177482556
"MG13","Bacteroides.Otu1624",6.07053966724828e-05
"MG14","Bacteroides.Otu1624",-0.000109890430857225
"MG16","Bacteroides.Otu1624",0.000776158559363807
"MG17","Bacteroides.Otu1624",0
"MG19","Bacteroides.Otu1624",0
"MG2","Bacteroides.Otu1624",0
"MG21","Bacteroides.Otu1624",-0.0149162569599727
"MG22","Bacteroides.Otu1624",-3.49541580170664e-05
"MG23","Bacteroides.Otu1624",0
"MG25","Bacteroides.Otu1624",0
"MG3","Bacteroides.Otu1624",-0.00015433492965472
"MG4","Bacteroides.Otu1624",0.0192317522087752
"MG6","Bacteroides.Otu1624",0
"MG8","Bacteroides.Otu1624",0
"MG1","Bacteroides.Otu2534",0.000309962179650128
"MG10","Bacteroides.Otu2534",0.000401445191947127
"MG13","Bacteroides.Otu2534",0.000242821584452849
"MG14","Bacteroides.Otu2534",0
"MG16","Bacteroides.Otu2534",0
"MG17","Bacteroides.Otu2534",0
"MG19","Bacteroides.Otu2534",0
"MG2","Bacteroides.Otu2534",0
"MG21","Bacteroides.Otu2534",0
"MG22","Bacteroides.Otu2534",0
"MG23","Bacteroides.Otu2534",0
"MG25","Bacteroides.Otu2534",0
"MG3","Bacteroides.Otu2534",0.0130130888137565
"MG4","Bacteroides.Otu2534",0.0609296871698716
"MG6","Bacteroides.Otu2534",0
"MG8","Bacteroides.Otu2534",0
"MG1","Lachnospiraceae.Otu0272",0
"MG10","Lachnospiraceae.Otu0272",-0.000454648768151436
"MG13","Lachnospiraceae.Otu0272",-8.81367881813254e-05
"MG14","Lachnospiraceae.Otu0272",1.58211831781906e-05
"MG16","Lachnospiraceae.Otu0272",-0.00411354707981696
"MG17","Lachnospiraceae.Otu0272",-0.00065746962962969
"MG19","Lachnospiraceae.Otu0272",0
"MG2","Lachnospiraceae.Otu0272",-0.00135111095394919
"MG21","Lachnospiraceae.Otu0272",-0.000430292585689063
"MG22","Lachnospiraceae.Otu0272",-3.49541580170664e-05
"MG23","Lachnospiraceae.Otu0272",-0.0246453923320014
"MG25","Lachnospiraceae.Otu0272",-0.00103145933231765
"MG3","Lachnospiraceae.Otu0272",-0.000185436783089141
"MG4","Lachnospiraceae.Otu0272",-0.00968673818302758
"MG6","Lachnospiraceae.Otu0272",-0.000852514815745745
"MG8","Lachnospiraceae.Otu0272",-0.00190476075298032
"MG1","Lachnospiracea_incertae_sedis.Otu1990",-0.00317068343144885
"MG10","Lachnospiracea_incertae_sedis.Otu1990",-0.000454648768151436
"MG13","Lachnospiracea_incertae_sedis.Otu1990",-5.48627825567386e-05
"MG14","Lachnospiracea_incertae_sedis.Otu1990",-0.00522086750753708
"MG16","Lachnospiracea_incertae_sedis.Otu1990",0.00585545815342122
"MG17","Lachnospiracea_incertae_sedis.Otu1990",-0.00510940466155456
"MG19","Lachnospiracea_incertae_sedis.Otu1990",-0.000805801685560528
"MG2","Lachnospiracea_incertae_sedis.Otu1990",-0.0076683186286644
"MG21","Lachnospiracea_incertae_sedis.Otu1990",-0.00458977160761015
"MG22","Lachnospiracea_incertae_sedis.Otu1990",-0.00392715877376942
"MG23","Lachnospiracea_incertae_sedis.Otu1990",-0.00579115049448211
"MG25","Lachnospiracea_incertae_sedis.Otu1990",-0.00309437360745883
"MG3","Lachnospiracea_incertae_sedis.Otu1990",-0.00185076239949012
"MG4","Lachnospiracea_incertae_sedis.Otu1990",-0.0065498704316527
"MG6","Lachnospiracea_incertae_sedis.Otu1990",2.01711100024466e-05
"MG8","Lachnospiracea_incertae_sedis.Otu1990",-0.00593403110843683
"MG1","Prevotella.Otu0882",-0.000176149373758775
"MG10","Prevotella.Otu0882",0
"MG13","Prevotella.Otu0882",0.0077818863050352
"MG14","Prevotella.Otu0882",0
"MG16","Prevotella.Otu0882",0
"MG17","Prevotella.Otu0882",-0.00553518420221903
"MG19","Prevotella.Otu0882",0
"MG2","Prevotella.Otu0882",-0.000829015449082341
"MG21","Prevotella.Otu0882",0.00786246995313172
"MG22","Prevotella.Otu0882",0
"MG23","Prevotella.Otu0882",0
"MG25","Prevotella.Otu0882",-0.0106192094117502
"MG3","Prevotella.Otu0882",0
"MG4","Prevotella.Otu0882",0
"MG6","Prevotella.Otu0882",0
"MG8","Prevotella.Otu0882",0
"MG1","Bacteroides.Otu0786",0.0224393789844938
"MG10","Bacteroides.Otu0786",0
"MG13","Bacteroides.Otu0786",0.0125049858091588
"MG14","Bacteroides.Otu0786",0.0020314934082392
"MG16","Bacteroides.Otu0786",0
"MG17","Bacteroides.Otu0786",0.00130733158097494
"MG19","Bacteroides.Otu0786",-0.00527507999745627
"MG2","Bacteroides.Otu0786",-0.000207253884526626
"MG21","Bacteroides.Otu0786",0
"MG22","Bacteroides.Otu0786",7.73818221857527e-05
"MG23","Bacteroides.Otu0786",0
"MG25","Bacteroides.Otu0786",0
"MG3","Bacteroides.Otu0786",-0.000631675621251533
"MG4","Bacteroides.Otu0786",-0.00533099349872515
"MG6","Bacteroides.Otu0786",-0.00143138462798202
"MG8","Bacteroides.Otu0786",0
"MG1","Lachnospiraceae.Otu0875",-0.00146135883442173
"MG10","Lachnospiraceae.Otu0875",-0.00113662171480095
"MG13","Lachnospiraceae.Otu0875",0.000524759713507157
"MG14","Lachnospiraceae.Otu0875",0.000373082878734141
"MG16","Lachnospiraceae.Otu0875",0.00135033974419896
"MG17","Lachnospiraceae.Otu0875",-0.0027050366742904
"MG19","Lachnospiraceae.Otu0875",-0.00537198598071786
"MG2","Lachnospiraceae.Otu0875",0.00320053959538212
"MG21","Lachnospiraceae.Otu0875",-0.00172116954606323
"MG22","Lachnospiraceae.Otu0875",0.0141352309842875
"MG23","Lachnospiraceae.Otu0875",-0.00264084200086232
"MG25","Lachnospiraceae.Otu0875",-0.00154718865554614
"MG3","Lachnospiraceae.Otu0875",-0.00113298930295885
"MG4","Lachnospiraceae.Otu0875",0.00830730412269226
"MG6","Lachnospiraceae.Otu0875",8.0684324775046e-05
"MG8","Lachnospiraceae.Otu0875",-0.00256409975444337
"MG1","Lachnospiracea_incertae_sedis.Otu0778",-0.00158534370794946
"MG10","Lachnospiracea_incertae_sedis.Otu0778",0
"MG13","Lachnospiracea_incertae_sedis.Otu0778",1.75278380823276e-05
"MG14","Lachnospiracea_incertae_sedis.Otu0778",0.0112893795773956
"MG16","Lachnospiracea_incertae_sedis.Otu0778",-0.00497580882564856
"MG17","Lachnospiracea_incertae_sedis.Otu0778",-0.00257230467770655
"MG19","Lachnospiracea_incertae_sedis.Otu0778",0
"MG2","Lachnospiracea_incertae_sedis.Otu0778",0.00994419923321601
"MG21","Lachnospiracea_incertae_sedis.Otu0778",-0.00186460018173834
"MG22","Lachnospiracea_incertae_sedis.Otu0778",-0.00321313263608948
"MG23","Lachnospiracea_incertae_sedis.Otu0778",-0.00138978012851651
"MG25","Lachnospiracea_incertae_sedis.Otu0778",-0.00219184971481343
"MG3","Lachnospiracea_incertae_sedis.Otu0778",-0.000874537379390302
"MG4","Lachnospiracea_incertae_sedis.Otu0778",0.00117031451756892
"MG6","Lachnospiracea_incertae_sedis.Otu0778",0
"MG8","Lachnospiracea_incertae_sedis.Otu0778",-0.0067398757122965
"MG1","Ruminococcaceae.Otu0064",0
"MG10","Ruminococcaceae.Otu0064",0
"MG13","Ruminococcaceae.Otu0064",0.000121410793121257
"MG14","Ruminococcaceae.Otu0064",0
"MG16","Ruminococcaceae.Otu0064",0
"MG17","Ruminococcaceae.Otu0064",0
"MG19","Ruminococcaceae.Otu0064",0
"MG2","Ruminococcaceae.Otu0064",-0.0358472443527293
"MG21","Ruminococcaceae.Otu0064",-0.00864774750131515
"MG22","Ruminococcaceae.Otu0064",-0.00142806092125253
"MG23","Ruminococcaceae.Otu0064",0
"MG25","Ruminococcaceae.Otu0064",0
"MG3","Ruminococcaceae.Otu0064",0
"MG4","Ruminococcaceae.Otu0064",0
"MG6","Ruminococcaceae.Otu0064",-0.00127877202999625
"MG8","Ruminococcaceae.Otu0064",-0.0213903101817276
"MG1","Bacteroides.Otu1411",0.00123984842079974
"MG10","Bacteroides.Otu1411",-0.000227324389949368
"MG13","Bacteroides.Otu1411",6.07053966724828e-05
"MG14","Bacteroides.Otu1411",1.58211831781906e-05
"MG16","Bacteroides.Otu1411",0.00331993623334202
"MG17","Bacteroides.Otu1411",0
"MG19","Bacteroides.Otu1411",0.00107991339700994
"MG2","Bacteroides.Otu1411",-0.000207253884526626
"MG21","Bacteroides.Otu1411",-0.000130399233257208
"MG22","Bacteroides.Otu1411",-0.00292602359373845
"MG23","Bacteroides.Otu1411",0
"MG25","Bacteroides.Otu1411",-0.00025786487594575
"MG3","Bacteroides.Otu1411",-0.00375892466250687
"MG4","Bacteroides.Otu1411",-0.00854926154776876
"MG6","Bacteroides.Otu1411",-0.000852514815745745
"MG8","Bacteroides.Otu1411",-0.000146520145995894
"MG1","Prevotella.Otu0773",-0.00123304531023418
"MG10","Prevotella.Otu0773",0
"MG13","Prevotella.Otu0773",-0.036447205490677
"MG14","Prevotella.Otu0773",0
"MG16","Prevotella.Otu0773",0
"MG17","Prevotella.Otu0773",-0.0206917023700031
"MG19","Prevotella.Otu0773",0
"MG2","Prevotella.Otu0773",-0.000621761617970208
"MG21","Prevotella.Otu0773",0.00660061213656862
"MG22","Prevotella.Otu0773",0
"MG23","Prevotella.Otu0773",0
"MG25","Prevotella.Otu0773",-0.000779874199580382
"MG3","Prevotella.Otu0773",0
"MG4","Prevotella.Otu0773",0
"MG6","Prevotella.Otu0773",0
"MG8","Prevotella.Otu0773",0
"MG1","Lachnospiracea_incertae_sedis.Otu2549",-4.23365624017543e-05
"MG10","Lachnospiracea_incertae_sedis.Otu2549",-0.000681973122858909
"MG13","Lachnospiracea_incertae_sedis.Otu2549",-0.000352547145878754
"MG14","Lachnospiracea_incertae_sedis.Otu2549",-0.00434003703969372
"MG16","Lachnospiracea_incertae_sedis.Otu2549",-0.00181788282529694
"MG17","Lachnospiracea_incertae_sedis.Otu2549",-0.000144142396492166
"MG19","Lachnospiracea_incertae_sedis.Otu2549",0
"MG2","Lachnospiracea_incertae_sedis.Otu2549",-0.00166594889448903
"MG21","Lachnospiracea_incertae_sedis.Otu2549",-0.000860585091708744
"MG22","Lachnospiracea_incertae_sedis.Otu2549",-0.00285611893018799
"MG23","Lachnospiracea_incertae_sedis.Otu2549",-0.0312449159708549
"MG25","Lachnospiracea_incertae_sedis.Otu2549",-0.00193398538541199
"MG3","Lachnospiracea_incertae_sedis.Otu2549",-0.000759687301468357
"MG4","Lachnospiracea_incertae_sedis.Otu2549",-0.00211864820237016
"MG6","Lachnospiracea_incertae_sedis.Otu2549",-0.00170502901190027
"MG8","Lachnospiracea_incertae_sedis.Otu2549",-0.000366300358108916
"MG1","Roseburia.Otu2084",0.000349273792227992
"MG10","Roseburia.Otu2084",-0.00522843719259033
"MG13","Roseburia.Otu2084",0.0013746346154845
"MG14","Roseburia.Otu2084",0.00167851654596658
"MG16","Roseburia.Otu2084",0.00508960710223566
"MG17","Roseburia.Otu2084",0.000719798367220275
"MG19","Roseburia.Otu2084",-0.000177229961474878
"MG2","Roseburia.Otu2084",0.00102834176725454
"MG21","Roseburia.Otu2084",-0.00114744667878492
"MG22","Roseburia.Otu2084",-0.00224694921153398
"MG23","Roseburia.Otu2084",-0.00145913781543098
"MG25","Roseburia.Otu2084",-0.00128932403679815
"MG3","Roseburia.Otu2084",0.00234830495143273
"MG4","Roseburia.Otu2084",0.000834923652361898
"MG6","Roseburia.Otu2084",-0.00170502901190027
"MG8","Roseburia.Otu2084",-0.00424907146318589
"MG1","Coprococcus.Otu0802",0
"MG10","Coprococcus.Otu0802",-0.000681973122858909
"MG13","Coprococcus.Otu0802",-0.00161389279826721
"MG14","Coprococcus.Otu0802",-0.000141532799753933
"MG16","Coprococcus.Otu0802",-0.0246143281790174
"MG17","Coprococcus.Otu0802",-9.89525789951405e-05
"MG19","Coprococcus.Otu0802",-0.000268600587691545
"MG2","Coprococcus.Otu0802",-0.0158580675600162
"MG21","Coprococcus.Otu0802",0
"MG22","Coprococcus.Otu0802",0.000644122338712446
"MG23","Coprococcus.Otu0802",-0.00132042215151534
"MG25","Coprococcus.Otu0802",-0.00799372610991046
"MG3","Coprococcus.Otu0802",7.53653076169475e-05
"MG4","Coprococcus.Otu0802",0.00031493065241759
"MG6","Coprococcus.Otu0802",-0.00241632370095182
"MG8","Coprococcus.Otu0802",0
"MG1","Prevotella.Otu2666",0
"MG10","Prevotella.Otu2666",0
"MG13","Prevotella.Otu2666",-0.0102511160839647
"MG14","Prevotella.Otu2666",0
"MG16","Prevotella.Otu2666",0
"MG17","Prevotella.Otu2666",-0.000255471341851929
"MG19","Prevotella.Otu2666",0
"MG2","Prevotella.Otu2666",0
"MG21","Prevotella.Otu2666",0.055882383660533
"MG22","Prevotella.Otu2666",0
"MG23","Prevotella.Otu2666",0
"MG25","Prevotella.Otu2666",-0.000128932439044534
"MG3","Prevotella.Otu2666",0
"MG4","Prevotella.Otu2666",0
"MG6","Prevotella.Otu2666",0
"MG8","Prevotella.Otu2666",0
"MG1","Lachnospiracea_incertae_sedis.Otu2746",-0.00176149283575366
"MG10","Lachnospiracea_incertae_sedis.Otu2746",-0.00136394592854101
"MG13","Lachnospiracea_incertae_sedis.Otu2746",-2.74313915088426e-05
"MG14","Lachnospiracea_incertae_sedis.Otu2746",-0.00467056542669416
"MG16","Lachnospiracea_incertae_sedis.Otu2746",0.00476663757773419
"MG17","Lachnospiracea_incertae_sedis.Otu2746",-0.00459846799687458
"MG19","Lachnospiracea_incertae_sedis.Otu2746",-0.0013430025508874
"MG2","Lachnospiracea_incertae_sedis.Otu2746",-0.0029015503327874
"MG21","Lachnospiracea_incertae_sedis.Otu2746",-0.00157773887497964
"MG22","Lachnospiracea_incertae_sedis.Otu2746",-0.00285611893018799
"MG23","Lachnospiracea_incertae_sedis.Otu2746",-0.0149642302406508
"MG25","Lachnospiracea_incertae_sedis.Otu2746",-0.0016761209274122
"MG3","Lachnospiracea_incertae_sedis.Otu2746",-0.00123224909074505
"MG4","Lachnospiracea_incertae_sedis.Otu2746",-0.0078598197910841
"MG6","Lachnospiracea_incertae_sedis.Otu2746",0.000466599577629773
"MG8","Lachnospiracea_incertae_sedis.Otu2746",-0.00344321663957206
"MG1","Catenibacterium.Otu2320",0
"MG10","Catenibacterium.Otu2320",0
"MG13","Catenibacterium.Otu2320",-0.00440682515125454
"MG14","Catenibacterium.Otu2320",0
"MG16","Catenibacterium.Otu2320",0
"MG17","Catenibacterium.Otu2320",-0.0508169234947251
"MG19","Catenibacterium.Otu2320",0
"MG2","Catenibacterium.Otu2320",0
"MG21","Catenibacterium.Otu2320",0.00640647918165708
"MG22","Catenibacterium.Otu2320",0
"MG23","Catenibacterium.Otu2320",0
"MG25","Catenibacterium.Otu2320",0
"MG3","Catenibacterium.Otu2320",0
"MG4","Catenibacterium.Otu2320",0
"MG6","Catenibacterium.Otu2320",0
"MG8","Catenibacterium.Otu2320",0
"MG1","Lachnospiraceae.Otu0790",-0.000352298742051882
"MG10","Lachnospiraceae.Otu0790",0
"MG13","Lachnospiraceae.Otu0790",-0.002019516773034
"MG14","Lachnospiraceae.Otu0790",0.00290484875349319
"MG16","Lachnospiraceae.Otu0790",0.00575711604347612
"MG17","Lachnospiraceae.Otu0790",0.00499996518197391
"MG19","Lachnospiraceae.Otu0790",-0.000714430962451276
"MG2","Lachnospiraceae.Otu0790",-0.00504578740446382
"MG21","Lachnospiraceae.Otu0790",-0.000717154270138863
"MG22","Lachnospiraceae.Otu0790",0.000574213767536152
"MG23","Lachnospiraceae.Otu0790",-0.00182992010672027
"MG25","Lachnospiraceae.Otu0790",-0.0137953334440231
"MG3","Lachnospiraceae.Otu0790",0.00416552991307767
"MG4","Lachnospiraceae.Otu0790",0.000225524955663149
"MG6","Lachnospiraceae.Otu0790",-0.00127877202999625
"MG8","Lachnospiraceae.Otu0790",-0.000504383484736575
"MG1","Bacteroides.Otu2460",0.0104765301922672
"MG10","Bacteroides.Otu2460",-0.00522843719259033
"MG13","Bacteroides.Otu2460",0.000728464696089264
"MG14","Bacteroides.Otu2460",0.000433795547245028
"MG16","Bacteroides.Otu2460",5.33171146305659e-05
"MG17","Bacteroides.Otu2460",-8.51571147740252e-05
"MG19","Bacteroides.Otu2460",0.000359971194529682
"MG2","Bacteroides.Otu2460",-0.000207253884526626
"MG21","Bacteroides.Otu2460",-0.00172116954606323
"MG22","Bacteroides.Otu2460",0.000644122338712446
"MG23","Bacteroides.Otu2460",0.00222469226946502
"MG25","Bacteroides.Otu2460",0.00722976958931115
"MG3","Bacteroides.Otu2460",0.00638460449237389
"MG4","Bacteroides.Otu2460",0.0015746521372692
"MG6","Bacteroides.Otu2460",-0.00213128568400957
"MG8","Bacteroides.Otu2460",0.0131433152657787
"MG1","Prevotellaceae.Otu2503",0
"MG10","Prevotellaceae.Otu2503",0
"MG13","Prevotellaceae.Otu2503",-0.00775595960992299
"MG14","Prevotellaceae.Otu2503",0
"MG16","Prevotellaceae.Otu2503",0
"MG17","Prevotellaceae.Otu2503",-0.00246955382125436
"MG19","Prevotellaceae.Otu2503",0
"MG2","Prevotellaceae.Otu2503",-0.0279756253484811
"MG21","Prevotellaceae.Otu2503",0.0219357286657116
"MG22","Prevotellaceae.Otu2503",0
"MG23","Prevotellaceae.Otu2503",0
"MG25","Prevotellaceae.Otu2503",-0.000128932439044534
"MG3","Prevotellaceae.Otu2503",4.42634560761977e-05
"MG4","Prevotellaceae.Otu2503",0
"MG6","Prevotellaceae.Otu2503",0
"MG8","Prevotellaceae.Otu2503",0
"MG1","Ruminococcus.Otu1429",-0.00563675014001821
"MG10","Ruminococcus.Otu1429",0
"MG13","Ruminococcus.Otu1429",-0.000593586743224228
"MG14","Ruminococcus.Otu1429",-0.0100486597037144
"MG16","Ruminococcus.Otu1429",0.00391257176282807
"MG17","Ruminococcus.Otu1429",0
"MG19","Ruminococcus.Otu1429",0.00397066917174882
"MG2","Ruminococcus.Otu1429",-0.0029015503327874
"MG21","Ruminococcus.Otu1429",-0.000717154270138863
"MG22","Ruminococcus.Otu1429",0
"MG23","Ruminococcus.Otu1429",-0.0124622770524296
"MG25","Ruminococcus.Otu1429",-0.00038679730856033
"MG3","Ruminococcus.Otu1429",-0.000574250571401965
"MG4","Ruminococcus.Otu1429",0
"MG6","Ruminococcus.Otu1429",-0.00277066994189167
"MG8","Ruminococcus.Otu1429",-0.0033699569914118
"MG1","Lachnospiraceae.Otu0578",-0.0169095341263166
"MG10","Lachnospiraceae.Otu0578",0
"MG13","Lachnospiraceae.Otu0578",0
"MG14","Lachnospiraceae.Otu0578",-0.00134456119702493
"MG16","Lachnospiraceae.Otu0578",-0.000760784225634702
"MG17","Lachnospiraceae.Otu0578",-0.00835284466008772
"MG19","Lachnospiraceae.Otu0578",0
"MG2","Lachnospiraceae.Otu0578",-0.00145077669315138
"MG21","Lachnospiraceae.Otu0578",0
"MG22","Lachnospiraceae.Otu0578",0
"MG23","Lachnospiraceae.Otu0578",-0.00132042215151534
"MG25","Lachnospiraceae.Otu0578",-0.000773594559251096
"MG3","Lachnospiraceae.Otu0578",-0.00282698561360754
"MG4","Lachnospiraceae.Otu0578",-0.00307797848412726
"MG6","Lachnospiraceae.Otu0578",-0.00277066994189167
"MG8","Lachnospiraceae.Otu0578",-0.000366300358108916
"MG1","Blautia.Otu0591",-0.00133737396279992
"MG10","Blautia.Otu0591",0
"MG13","Blautia.Otu0591",0.000315212168302763
"MG14","Blautia.Otu0591",-0.000312991895930348
"MG16","Blautia.Otu0591",-0.000888948094034176
"MG17","Blautia.Otu0591",0.00616455375668579
"MG19","Blautia.Otu0591",-0.000177229961474878
"MG2","Blautia.Otu0591",4.79476784783399e-05
"MG21","Blautia.Otu0591",-0.00186460018173834
"MG22","Blautia.Otu0591",-6.99083039342603e-05
"MG23","Blautia.Otu0591",-0.00132042215151534
"MG25","Blautia.Otu0591",-0.000786153721397755
"MG3","Blautia.Otu0591",-0.000379256481341188
"MG4","Blautia.Otu0591",-0.000296244718634172
"MG6","Blautia.Otu0591",-0.000213128728139249
"MG8","Blautia.Otu0591",-0.000340989331362867
"MG1","Ruminococcaceae.Otu2510",0
"MG10","Ruminococcaceae.Otu2510",0
"MG13","Ruminococcaceae.Otu2510",0
"MG14","Ruminococcaceae.Otu2510",0
"MG16","Ruminococcaceae.Otu2510",-0.0553981964574408
"MG17","Ruminococcaceae.Otu2510",0
"MG19","Ruminococcaceae.Otu2510",0
"MG2","Ruminococcaceae.Otu2510",0
"MG21","Ruminococcaceae.Otu2510",0
"MG22","Ruminococcaceae.Otu2510",0
"MG23","Ruminococcaceae.Otu2510",0
"MG25","Ruminococcaceae.Otu2510",-0.00154718865554614
"MG3","Ruminococcaceae.Otu2510",0
"MG4","Ruminococcaceae.Otu2510",0
"MG6","Ruminococcaceae.Otu2510",-0.000213128728139249
"MG8","Ruminococcaceae.Otu2510",0
"MG1","Ruminococcus.Otu1027",-0.00140919453095443
"MG10","Ruminococcus.Otu1027",-0.00727431638663063
"MG13","Ruminococcus.Otu1027",0
"MG14","Ruminococcus.Otu1027",-0.00311371657361266
"MG16","Ruminococcus.Otu1027",-0.000309645451004784
"MG17","Ruminococcus.Otu1027",-0.000255471341851929
"MG19","Ruminococcus.Otu1027",0
"MG2","Ruminococcus.Otu1027",-0.00393781365731887
"MG21","Ruminococcus.Otu1027",-0.00215146133506046
"MG22","Ruminococcus.Otu1027",-0.000714030642646706
"MG23","Ruminococcus.Otu1027",-0.00396125724590873
"MG25","Ruminococcus.Otu1027",-0.00141825635796036
"MG3","Ruminococcus.Otu1027",-0.00132077600281072
"MG4","Ruminococcus.Otu1027",-0.00103419727841218
"MG6","Ruminococcus.Otu1027",-0.000192957589093424
"MG8","Ruminococcus.Otu1027",-0.00234432019698807
"MG1","Lachnospiraceae.Otu1734",0.00147496366479586
"MG10","Lachnospiraceae.Otu1734",-0.000454648768151436
"MG13","Lachnospiraceae.Otu1734",0.000585465089822204
"MG14","Lachnospiraceae.Otu1734",-0.000888320636538667
"MG16","Lachnospiraceae.Otu1734",0.00190810532037879
"MG17","Lachnospiraceae.Otu1734",0.0203552382306412
"MG19","Lachnospiraceae.Otu1734",-0.000805801685560528
"MG2","Lachnospiraceae.Otu1734",0.000928679229758901
"MG21","Lachnospiraceae.Otu1734",-0.000379586374269976
"MG22","Lachnospiraceae.Otu1734",-0.00142806092125253
"MG23","Lachnospiraceae.Otu1734",-0.000138716942899543
"MG25","Lachnospiraceae.Otu1734",-0.00103145933231765
"MG3","Lachnospiraceae.Otu1734",-0.000666381682300475
"MG4","Lachnospiraceae.Otu1734",-0.000463939061955361
"MG6","Lachnospiraceae.Otu1734",-0.00106564344707378
"MG8","Lachnospiraceae.Otu1734",-0.00139194094246051
"MG1","Prevotella.Otu2501",-0.000176149373758775
"MG10","Prevotella.Otu2501",0
"MG13","Prevotella.Otu2501",0.0241281159588939
"MG14","Prevotella.Otu2501",0
"MG16","Prevotella.Otu2501",0
"MG17","Prevotella.Otu2501",-0.00153282746753996
"MG19","Prevotella.Otu2501",0
"MG2","Prevotella.Otu2501",0.000928679229758901
"MG21","Prevotella.Otu2501",0.0229061700012987
"MG22","Prevotella.Otu2501",0
"MG23","Prevotella.Otu2501",0
"MG25","Prevotella.Otu2501",-0.00128932403679815
"MG3","Prevotella.Otu2501",0
"MG4","Prevotella.Otu2501",0
"MG6","Prevotella.Otu2501",0
"MG8","Prevotella.Otu2501",0
"MG1","Lachnospiraceae.Otu2612",-0.00299453489393144
"MG10","Lachnospiraceae.Otu2612",-0.00136394592854101
"MG13","Lachnospiraceae.Otu2612",0.00068528693079291
"MG14","Lachnospiraceae.Otu2612",0.00551995277420519
"MG16","Lachnospiraceae.Otu2612",-0.00401204947253095
"MG17","Lachnospiraceae.Otu2612",-0.00127735637579005
"MG19","Lachnospiraceae.Otu2612",0
"MG2","Lachnospiraceae.Otu2612",-0.00704657380887381
"MG21","Lachnospiraceae.Otu2612",-0.000860585091708744
"MG22","Lachnospiraceae.Otu2612",-0.00642623209968579
"MG23","Lachnospiraceae.Otu2612",-0.00220070244898455
"MG25","Lachnospiraceae.Otu2612",-0.00206291756725915
"MG3","Lachnospiraceae.Otu2612",-0.00189502585556632
"MG4","Lachnospiraceae.Otu2612",0.000383877149880892
"MG6","Lachnospiraceae.Otu2612",0.000679728296087895
"MG8","Lachnospiraceae.Otu2612",-0.00827829372594995
"MG1","Oscillibacter.Otu1518",-0.012506279587328
"MG10","Oscillibacter.Otu1518",-0.00227324196119349
"MG13","Oscillibacter.Otu1518",-0.000125471697291858
"MG14","Oscillibacter.Otu1518",-0.000495364780533298
"MG16","Oscillibacter.Otu1518",0.00163844545789612
"MG17","Oscillibacter.Otu1518",-0.00400237371354035
"MG19","Oscillibacter.Otu1518",0
"MG2","Oscillibacter.Otu1518",-0.000414507760150834
"MG21","Oscillibacter.Otu1518",-0.0120855207734785
"MG22","Oscillibacter.Otu1518",0
"MG23","Oscillibacter.Otu1518",0
"MG25","Oscillibacter.Otu1518",-0.00038679730856033
"MG3","Oscillibacter.Otu1518",-0.000238083187564666
"MG4","Oscillibacter.Otu1518",0
"MG6","Oscillibacter.Otu1518",-0.00916440709796871
"MG8","Oscillibacter.Otu1518",0
"MG1","Ruminococcaceae.Otu2507",0
"MG10","Ruminococcaceae.Otu2507",-0.000227324389949368
"MG13","Ruminococcaceae.Otu2507",-8.81367881813254e-05
"MG14","Ruminococcaceae.Otu2507",-0.0319102306750833
"MG16","Ruminococcaceae.Otu2507",-0.000915606875059343
"MG17","Ruminococcaceae.Otu2507",-0.00383206079068504
"MG19","Ruminococcaceae.Otu2507",-0.00053720115600456
"MG2","Ruminococcaceae.Otu2507",0
"MG21","Ruminococcaceae.Otu2507",-0.00544599759199505
"MG22","Ruminococcaceae.Otu2507",0.00128824441018286
"MG23","Ruminococcaceae.Otu2507",0
"MG25","Ruminococcaceae.Otu2507",-0.000128932439044534
"MG3","Ruminococcaceae.Otu2507",0.00409016581596739
"MG4","Ruminococcaceae.Otu2507",0.000354075269884299
"MG6","Ruminococcaceae.Otu2507",-0.00170502901190027
"MG8","Ruminococcaceae.Otu2507",0
"MG1","Bacteroides.Otu1669",0.00260367940896487
"MG10","Bacteroides.Otu1669",-0.00227324196119349
"MG13","Bacteroides.Otu1669",0.00036423237220511
"MG14","Bacteroides.Otu1669",-0.00278893985592378
"MG16","Bacteroides.Otu1669",-0.00073412550027611
"MG17","Bacteroides.Otu1669",-0.000170314228930514
"MG19","Bacteroides.Otu1669",-0.00456619417802241
"MG2","Bacteroides.Otu1669",-0.000207253884526626
"MG21","Bacteroides.Otu1669",0.000160806205607903
"MG22","Bacteroides.Otu1669",-0.00163028340101379
"MG23","Bacteroides.Otu1669",0
"MG25","Bacteroides.Otu1669",0.00329571840101407
"MG3","Bacteroides.Otu1669",0.0033651868311936
"MG4","Bacteroides.Otu1669",-0.00271871026081383
"MG6","Bacteroides.Otu1669",-0.000426257446597371
"MG8","Bacteroides.Otu1669",-0.000329877396293613
"MG1","Bacteroides.Otu0752",0.000433947044839437
"MG10","Bacteroides.Otu0752",-0.00340985927078627
"MG13","Bacteroides.Otu0752",0.000607053929812981
"MG14","Bacteroides.Otu0752",0.000535346646218084
"MG16","Bacteroides.Otu0752",0.00139853187137978
"MG17","Bacteroides.Otu0752",-0.000425785561519392
"MG19","Bacteroides.Otu0752",0.00306800570244395
"MG2","Bacteroides.Otu0752",-0.000621761617970208
"MG21","Bacteroides.Otu0752",0.00108078429646396
"MG22","Bacteroides.Otu0752",-0.000209724524608045
"MG23","Bacteroides.Otu0752",0.000370782342264272
"MG25","Bacteroides.Otu0752",0.00443726173897788
"MG3","Bacteroides.Otu0752",5.35755083108753e-05
"MG4","Bacteroides.Otu0752",-0.00267956380471029
"MG6","Bacteroides.Otu0752",-0.00298379778905371
"MG8","Bacteroides.Otu0752",0.00123965466580675
"MG1","Lachnospiracea_incertae_sedis.Otu0651",-0.00193764190890142
"MG10","Lachnospiracea_incertae_sedis.Otu0651",-0.000454648768151436
"MG13","Lachnospiracea_incertae_sedis.Otu0651",-0.000231136352757497
"MG14","Lachnospiracea_incertae_sedis.Otu0651",-5.49452165215808e-05
"MG16","Lachnospiracea_incertae_sedis.Otu0651",-0.0217881703475236
"MG17","Lachnospiracea_incertae_sedis.Otu0651",0.000639870355003146
"MG19","Lachnospiracea_incertae_sedis.Otu0651",-0.000445830491030846
"MG2","Lachnospiracea_incertae_sedis.Otu0651",0
"MG21","Lachnospiracea_incertae_sedis.Otu0651",-0.000286861728710573
"MG22","Lachnospiracea_incertae_sedis.Otu0651",0.00219196567996704
"MG23","Lachnospiracea_incertae_sedis.Otu0651",-0.00176056247078078
"MG25","Lachnospiracea_incertae_sedis.Otu0651",-0.000644662152356319
"MG3","Lachnospiracea_incertae_sedis.Otu0651",-5.74250602647521e-05
"MG4","Lachnospiracea_incertae_sedis.Otu0651",0.00073795225005898
"MG6","Lachnospiracea_incertae_sedis.Otu0651",0
"MG8","Lachnospiracea_incertae_sedis.Otu0651",-0.00699912747913384
"MG1","Bacteroides.Otu2343",0.0147536647418761
"MG10","Bacteroides.Otu2343",0
"MG13","Bacteroides.Otu2343",0.0105625426206654
"MG14","Bacteroides.Otu2343",0.0022987380793195
"MG16","Bacteroides.Otu2343",0
"MG17","Bacteroides.Otu2343",0.000653665930136276
"MG19","Bacteroides.Otu2343",0.000365482154690189
"MG2","Bacteroides.Otu2343",-0.000207253884526626
"MG21","Bacteroides.Otu2343",0
"MG22","Bacteroides.Otu2343",0.000294578746408482
"MG23","Bacteroides.Otu2343",0
"MG25","Bacteroides.Otu2343",0
"MG3","Bacteroides.Otu2343",-0.000300286898884469
"MG4","Bacteroides.Otu2343",-0.00268131221064355
"MG6","Bacteroides.Otu2343",6.05132839133975e-05
"MG8","Bacteroides.Otu2343",-7.32600731945417e-05
"MG1","Bacteroides.Otu0775",6.19924368829886e-05
"MG10","Bacteroides.Otu0775",-0.00477379409827841
"MG13","Bacteroides.Otu0775",0.000182116189122616
"MG14","Bacteroides.Otu0775",8.65875832323519e-05
"MG16","Bacteroides.Otu0775",0.00404896512660491
"MG17","Bacteroides.Otu0775",0
"MG19","Bacteroides.Otu0775",0.00323973515341738
"MG2","Bacteroides.Otu0775",0
"MG21","Bacteroides.Otu0775",0.00295546550536259
"MG22","Bacteroides.Otu0775",-6.99083039342603e-05
"MG23","Bacteroides.Otu0775",0
"MG25","Bacteroides.Otu0775",-0.00038679730856033
"MG3","Bacteroides.Otu0775",-0.00196928656952493
"MG4","Bacteroides.Otu0775",-0.00409000197525398
"MG6","Bacteroides.Otu0775",-0.00245667387040207
"MG8","Bacteroides.Otu0775",-0.0019780206881657
"MG1","Bacteroides.Otu2383",0.000433947044839437
"MG10","Bacteroides.Otu2383",-0.000909297442324504
"MG13","Bacteroides.Otu2383",0.00327808555135782
"MG14","Bacteroides.Otu2383",0.00643978343045702
"MG16","Bacteroides.Otu2383",7.17747705525564e-05
"MG17","Bacteroides.Otu2383",-0.000510942667030367
"MG19","Bacteroides.Otu2383",0
"MG2","Bacteroides.Otu2383",0
"MG21","Bacteroides.Otu2383",-0.00176753165150833
"MG22","Bacteroides.Otu2383",-6.99083039342603e-05
"MG23","Bacteroides.Otu2383",0.00259547354125922
"MG25","Bacteroides.Otu2383",0.000632102495103851
"MG3","Bacteroides.Otu2383",-0.00262360903594008
"MG4","Bacteroides.Otu2383",0.000954133802668673
"MG6","Bacteroides.Otu2383",-0.000426257446597371
"MG8","Bacteroides.Otu2383",-0.000366300358108916
"MG1","Blautia.Otu0620",-0.000218485919763525
"MG10","Blautia.Otu0620",0.000174120801997759
"MG13","Blautia.Otu0620",0.000221232792783019
"MG14","Blautia.Otu0620",0.00246613540049709
"MG16","Blautia.Otu0620",0.00326152370910746
"MG17","Blautia.Otu0620",-8.27726610252736e-05
"MG19","Blautia.Otu0620",-0.00161160284790144
"MG2","Blautia.Otu0620",0.00557202439014856
"MG21","Blautia.Otu0620",-0.00133723964120825
"MG22","Blautia.Otu0620",-0.00185498252153724
"MG23","Blautia.Otu0620",-6.93584885951798e-05
"MG25","Blautia.Otu0620",-0.000644662152356319
"MG3","Blautia.Otu0620",0.000660347335116467
"MG4","Blautia.Otu0620",-0.00495477381782703
"MG6","Blautia.Otu0620",0
"MG8","Blautia.Otu0620",-0.00269374288476256
"MG1","Prevotella.Otu2702",0
"MG10","Prevotella.Otu2702",0
"MG13","Prevotella.Otu2702",-0.0444943953303173
"MG14","Prevotella.Otu2702",0
"MG16","Prevotella.Otu2702",0
"MG17","Prevotella.Otu2702",-0.000170314228930514
"MG19","Prevotella.Otu2702",0
"MG2","Prevotella.Otu2702",0
"MG21","Prevotella.Otu2702",0.000582411149368789
"MG22","Prevotella.Otu2702",0
"MG23","Prevotella.Otu2702",0
"MG25","Prevotella.Otu2702",0
"MG3","Prevotella.Otu2702",0
"MG4","Prevotella.Otu2702",0
"MG6","Prevotella.Otu2702",0
"MG8","Prevotella.Otu2702",0
"MG1","Prevotella.Otu2220",0
"MG10","Prevotella.Otu2220",0
"MG13","Prevotella.Otu2220",0.0325462958175977
"MG14","Prevotella.Otu2220",0
"MG16","Prevotella.Otu2220",0
"MG17","Prevotella.Otu2220",-0.000681256866319124
"MG19","Prevotella.Otu2220",0
"MG2","Prevotella.Otu2220",-0.000207253884526626
"MG21","Prevotella.Otu2220",0.00436806997670876
"MG22","Prevotella.Otu2220",0
"MG23","Prevotella.Otu2220",0
"MG25","Prevotella.Otu2220",-0.000528289102649761
"MG3","Prevotella.Otu2220",0
"MG4","Prevotella.Otu2220",0
"MG6","Prevotella.Otu2220",0
"MG8","Prevotella.Otu2220",0
"MG1","Ruminococcus.Otu1915",-0.000176149373758775
"MG10","Ruminococcus.Otu1915",-0.000454648768151436
"MG13","Ruminococcus.Otu1915",-8.81367881813254e-05
"MG14","Ruminococcus.Otu1915",-0.0151350412664137
"MG16","Ruminococcus.Otu1915",-0.000950464035079572
"MG17","Ruminococcus.Otu1915",0
"MG19","Ruminococcus.Otu1915",-0.00805237975676967
"MG2","Ruminococcus.Otu1915",-0.000621761617970208
"MG21","Ruminococcus.Otu1915",-0.00229489184680614
"MG22","Ruminococcus.Otu1915",-0.00178507581027774
"MG23","Ruminococcus.Otu1915",0
"MG25","Ruminococcus.Otu1915",-0.000773594559251096
"MG3","Ruminococcus.Otu1915",-0.00137820101081024
"MG4","Ruminococcus.Otu1915",0
"MG6","Ruminococcus.Otu1915",0
"MG8","Ruminococcus.Otu1915",-0.00234432019698807
"MG1","Ruminococcus.Otu2545",-0.000352298742051882
"MG10","Ruminococcus.Otu2545",-0.000227324389949368
"MG13","Ruminococcus.Otu2545",-8.81367881813254e-05
"MG14","Ruminococcus.Otu2545",-0.0155986833527748
"MG16","Ruminococcus.Otu2545",-0.000459338370477055
"MG17","Ruminococcus.Otu2545",-0.000425785561519392
"MG19","Ruminococcus.Otu2545",-0.00384625183560784
"MG2","Ruminococcus.Otu2545",-0.00103626924458483
"MG21","Ruminococcus.Otu2545",-0.00172116954606323
"MG22","Ruminococcus.Otu2545",-0.00142806092125253
"MG23","Ruminococcus.Otu2545",0
"MG25","Ruminococcus.Otu2545",-0.00038679730856033
"MG3","Ruminococcus.Otu2545",-0.00212472563229877
"MG4","Ruminococcus.Otu2545",0
"MG6","Ruminococcus.Otu2545",0
"MG8","Ruminococcus.Otu2545",-0.00226262252054168
"MG1","Prevotella.Otu2327",0
"MG10","Prevotella.Otu2327",0
"MG13","Prevotella.Otu2327",-0.0169861032473819
"MG14","Prevotella.Otu2327",0
"MG16","Prevotella.Otu2327",0
"MG17","Prevotella.Otu2327",-0.00576686278673845
"MG19","Prevotella.Otu2327",0
"MG2","Prevotella.Otu2327",-0.000207253884526626
"MG21","Prevotella.Otu2327",0.00106775363131634
"MG22","Prevotella.Otu2327",0
"MG23","Prevotella.Otu2327",0
"MG25","Prevotella.Otu2327",-0.0122670196432775
"MG3","Prevotella.Otu2327",4.42634560761977e-05
"MG4","Prevotella.Otu2327",0
"MG6","Prevotella.Otu2327",0
"MG8","Prevotella.Otu2327",0
"MG1","Roseburia.Otu2637",-0.000352298742051882
"MG10","Roseburia.Otu2637",-0.000909297442324504
"MG13","Roseburia.Otu2637",0.000166370002599449
"MG14","Roseburia.Otu2637",0.000858393876692041
"MG16","Roseburia.Otu2637",-0.00430836112695519
"MG17","Roseburia.Otu2637",0.000274033752166002
"MG19","Roseburia.Otu2637",0
"MG2","Roseburia.Otu2637",0.000342781073184224
"MG21","Roseburia.Otu2637",-0.000573723433815398
"MG22","Roseburia.Otu2637",-0.00249910486024968
"MG23","Roseburia.Otu2637",-0.00132042215151534
"MG25","Roseburia.Otu2637",-0.00103145933231765
"MG3","Roseburia.Otu2637",-0.000918800835466499
"MG4","Roseburia.Otu2637",-0.00366525265176999
"MG6","Roseburia.Otu2637",2.01711100024466e-05
"MG8","Roseburia.Otu2637",-0.00703290905608865
"MG1","Bacteroides.Otu0801",0
"MG10","Bacteroides.Otu0801",0
"MG13","Bacteroides.Otu0801",0
"MG14","Bacteroides.Otu0801",0
"MG16","Bacteroides.Otu0801",0
"MG17","Bacteroides.Otu0801",0
"MG19","Bacteroides.Otu0801",0
"MG2","Bacteroides.Otu0801",0
"MG21","Bacteroides.Otu0801",0
"MG22","Bacteroides.Otu0801",0
"MG23","Bacteroides.Otu0801",0
"MG25","Bacteroides.Otu0801",0
"MG3","Bacteroides.Otu0801",-0.0251495251526346
"MG4","Bacteroides.Otu0801",0
"MG6","Bacteroides.Otu0801",0
"MG8","Bacteroides.Otu0801",0
"MG1","Bacteroides.Otu2277",0
"MG10","Bacteroides.Otu2277",0
"MG13","Bacteroides.Otu2277",0
"MG14","Bacteroides.Otu2277",0
"MG16","Bacteroides.Otu2277",0.000840759948030207
"MG17","Bacteroides.Otu2277",-0.000170314228930514
"MG19","Bacteroides.Otu2277",0
"MG2","Bacteroides.Otu2277",0
"MG21","Bacteroides.Otu2277",0
"MG22","Bacteroides.Otu2277",0
"MG23","Bacteroides.Otu2277",0
"MG25","Bacteroides.Otu2277",0
"MG3","Bacteroides.Otu2277",-6.10293719322078e-05
"MG4","Bacteroides.Otu2277",-0.0232328795513754
"MG6","Bacteroides.Otu2277",0
"MG8","Bacteroides.Otu2277",0
